﻿digit_id;id_municip;federal;region
80700251;10101;Центральный федеральный округ;Брянская область
80701457;10102;Центральный федеральный округ;Брянская область
80701617;10103;Центральный федеральный округ;Брянская область
80700830;10104;Центральный федеральный округ;Брянская область
80701704;10105;Центральный федеральный округ;Брянская область
80701162;10106;Центральный федеральный округ;Брянская область
80701428;10107;Центральный федеральный округ;Брянская область
80700719;10108;Центральный федеральный округ;Брянская область
80600908;10201;Центральный федеральный округ;Белгородская область
80600615;10202;Центральный федеральный округ;Белгородская область
80600430;10203;Центральный федеральный округ;Белгородская область
80601508;10204;Центральный федеральный округ;Белгородская область
80600243;10205;Центральный федеральный округ;Белгородская область
80601486;10206;Центральный федеральный округ;Белгородская область
80601250;10207;Центральный федеральный округ;Белгородская область
80600046;10208;Центральный федеральный округ;Белгородская область
80602104;10209;Центральный федеральный округ;Белгородская область
80602178;10210;Центральный федеральный округ;Белгородская область
80602060;10211;Центральный федеральный округ;Белгородская область
80600440;10212;Центральный федеральный округ;Белгородская область
80600878;10213;Центральный федеральный округ;Белгородская область
80600171;10214;Центральный федеральный округ;Белгородская область
80600359;10215;Центральный федеральный округ;Белгородская область
80600846;10216;Центральный федеральный округ;Белгородская область
80601709;10217;Центральный федеральный округ;Белгородская область
80600295;10218;Центральный федеральный округ;Белгородская область
80600286;10219;Центральный федеральный округ;Белгородская область
80601526;10220;Центральный федеральный округ;Белгородская область
80600870;10221;Центральный федеральный округ;Белгородская область
80600170;10222;Центральный федеральный округ;Белгородская область
82700841;10301;Центральный федеральный округ;Курская область
82700234;10302;Центральный федеральный округ;Курская область
82701084;10303;Центральный федеральный округ;Курская область
82701723;10304;Центральный федеральный округ;Курская область
82700414;10305;Центральный федеральный округ;Курская область
82700175;10306;Центральный федеральный округ;Курская область
82702141;10307;Центральный федеральный округ;Курская область
82702040;10308;Центральный федеральный округ;Курская область
82701473;10309;Центральный федеральный округ;Курская область
82701553;10310;Центральный федеральный округ;Курская область
82700602;10311;Центральный федеральный округ;Курская область
82701666;10312;Центральный федеральный округ;Курская область
82702000;10313;Центральный федеральный округ;Курская область
82701675;10314;Центральный федеральный округ;Курская область
82701067;10315;Центральный федеральный округ;Курская область
82701814;10316;Центральный федеральный округ;Курская область
82701029;10317;Центральный федеральный округ;Курская область
82700953;10318;Центральный федеральный округ;Курская область
82701294;10319;Центральный федеральный округ;Курская область
82700958;10320;Центральный федеральный округ;Курская область
82700545;10321;Центральный федеральный округ;Курская область
82701309;10322;Центральный федеральный округ;Курская область
82700734;10323;Центральный федеральный округ;Курская область
82700427;10324;Центральный федеральный округ;Курская область
82700482;10325;Центральный федеральный округ;Курская область
82700838;10326;Центральный федеральный округ;Курская область
82701958;10327;Центральный федеральный округ;Курская область
84001438;10401;Центральный федеральный округ;Орловская область
84001000;10402;Центральный федеральный округ;Орловская область
84000412;10403;Центральный федеральный округ;Орловская область
84001592;10404;Центральный федеральный округ;Орловская область
84001155;10405;Центральный федеральный округ;Орловская область
84000326;10406;Центральный федеральный округ;Орловская область
84000885;10407;Центральный федеральный округ;Орловская область
84000824;10408;Центральный федеральный округ;Орловская область
84001237;10409;Центральный федеральный округ;Орловская область
84000565;10410;Центральный федеральный округ;Орловская область
84000601;10411;Центральный федеральный округ;Орловская область
84000483;10412;Центральный федеральный округ;Орловская область
84000225;10413;Центральный федеральный округ;Орловская область
84000492;10414;Центральный федеральный округ;Орловская область
84001259;10415;Центральный федеральный округ;Орловская область
84000847;10416;Центральный федеральный округ;Орловская область
84001344;10417;Центральный федеральный округ;Орловская область
84002003;10418;Центральный федеральный округ;Орловская область
84001054;10419;Центральный федеральный округ;Орловская область
84001845;10420;Центральный федеральный округ;Орловская область
84002082;10421;Центральный федеральный округ;Орловская область
84000911;10422;Центральный федеральный округ;Орловская область
84001685;10423;Центральный федеральный округ;Орловская область
84001912;10424;Центральный федеральный округ;Орловская область
81102004;10501;Центральный федеральный округ;Воронежская область
81100210;10502;Центральный федеральный округ;Воронежская область
81101519;10503;Центральный федеральный округ;Воронежская область
81101208;10504;Центральный федеральный округ;Воронежская область
81100743;10505;Центральный федеральный округ;Воронежская область
81101807;10506;Центральный федеральный округ;Воронежская область
81101267;10507;Центральный федеральный округ;Воронежская область
81100689;10508;Центральный федеральный округ;Воронежская область
81101430;10509;Центральный федеральный округ;Воронежская область
81100219;10510;Центральный федеральный округ;Воронежская область
81101768;10511;Центральный федеральный округ;Воронежская область
81101511;10512;Центральный федеральный округ;Воронежская область
81100677;10513;Центральный федеральный округ;Воронежская область
81101628;10514;Центральный федеральный округ;Воронежская область
81101369;10515;Центральный федеральный округ;Воронежская область
81101353;10516;Центральный федеральный округ;Воронежская область
81100070;10517;Центральный федеральный округ;Воронежская область
81100314;10518;Центральный федеральный округ;Воронежская область
81101404;10519;Центральный федеральный округ;Воронежская область
81102152;10520;Центральный федеральный округ;Воронежская область
81101005;10521;Центральный федеральный округ;Воронежская область
81100321;10522;Центральный федеральный округ;Воронежская область
81100367;10523;Центральный федеральный округ;Воронежская область
81100276;10524;Центральный федеральный округ;Воронежская область
81100707;10525;Центральный федеральный округ;Воронежская область
81101319;10526;Центральный федеральный округ;Воронежская область
81101363;10527;Центральный федеральный округ;Воронежская область
81101538;10528;Центральный федеральный округ;Воронежская область
81100434;10529;Центральный федеральный округ;Воронежская область
81101426;10530;Центральный федеральный округ;Воронежская область
81100244;10531;Центральный федеральный округ;Воронежская область
81101268;10532;Центральный федеральный округ;Воронежская область
83201636;10601;Центральный федеральный округ;Московская область
83201022;10602;Центральный федеральный округ;Московская область
82900624;10701;Центральный федеральный округ;Липецкая область
82900521;10702;Центральный федеральный округ;Липецкая область
82901702;10703;Центральный федеральный округ;Липецкая область
82900871;10704;Центральный федеральный округ;Липецкая область
82900982;10705;Центральный федеральный округ;Липецкая область
82902021;10706;Центральный федеральный округ;Липецкая область
82901004;10707;Центральный федеральный округ;Липецкая область
82900491;10708;Центральный федеральный округ;Липецкая область
82900354;10709;Центральный федеральный округ;Липецкая область
82901802;10710;Центральный федеральный округ;Липецкая область
82900560;10711;Центральный федеральный округ;Липецкая область
82901920;10712;Центральный федеральный округ;Липецкая область
82900486;10713;Центральный федеральный округ;Липецкая область
82900485;10714;Центральный федеральный округ;Липецкая область
82900458;10715;Центральный федеральный округ;Липецкая область
82900437;10716;Центральный федеральный округ;Липецкая область
82900987;10717;Центральный федеральный округ;Липецкая область
82901995;10718;Центральный федеральный округ;Липецкая область
82901003;10719;Центральный федеральный округ;Липецкая область
87501801;10801;Центральный федеральный округ;Тульская область
87502056;10802;Центральный федеральный округ;Тульская область
87500949;10803;Центральный федеральный округ;Тульская область
87501422;10804;Центральный федеральный округ;Тульская область
87500689;10805;Центральный федеральный округ;Тульская область
87500354;10806;Центральный федеральный округ;Тульская область
87501892;10807;Центральный федеральный округ;Тульская область
87502138;10808;Центральный федеральный округ;Тульская область
87500091;10809;Центральный федеральный округ;Тульская область
87500769;10810;Центральный федеральный округ;Тульская область
87500541;10811;Центральный федеральный округ;Тульская область
87502197;10812;Центральный федеральный округ;Тульская область
87500568;10813;Центральный федеральный округ;Тульская область
87500213;10814;Центральный федеральный округ;Тульская область
87501854;10815;Центральный федеральный округ;Тульская область
87500303;10816;Центральный федеральный округ;Тульская область
87501299;10817;Центральный федеральный округ;Тульская область
87500173;10818;Центральный федеральный округ;Тульская область
86300045;10901;Центральный федеральный округ;Рязанская область
86301571;10902;Центральный федеральный округ;Рязанская область
86302080;10903;Центральный федеральный округ;Рязанская область
86301584;10904;Центральный федеральный округ;Рязанская область
86300840;10905;Центральный федеральный округ;Рязанская область
86301100;10906;Центральный федеральный округ;Рязанская область
86300576;10907;Центральный федеральный округ;Рязанская область
86301572;10908;Центральный федеральный округ;Рязанская область
86301953;10909;Центральный федеральный округ;Рязанская область
86301554;10910;Центральный федеральный округ;Рязанская область
86301650;10911;Центральный федеральный округ;Рязанская область
86302102;10912;Центральный федеральный округ;Рязанская область
86301482;10913;Центральный федеральный округ;Рязанская область
86301418;10914;Центральный федеральный округ;Рязанская область
86301109;10915;Центральный федеральный округ;Рязанская область
86301494;10916;Центральный федеральный округ;Рязанская область
86301693;10917;Центральный федеральный округ;Рязанская область
86301551;10918;Центральный федеральный округ;Рязанская область
87201222;11001;Центральный федеральный округ;Тамбовская область
87201688;11002;Центральный федеральный округ;Тамбовская область
87201568;11003;Центральный федеральный округ;Тамбовская область
87200546;11004;Центральный федеральный округ;Тамбовская область
87201513;11005;Центральный федеральный округ;Тамбовская область
87201111;11006;Центральный федеральный округ;Тамбовская область
87201713;11007;Центральный федеральный округ;Тамбовская область
87201382;11008;Центральный федеральный округ;Тамбовская область
87201824;11009;Центральный федеральный округ;Тамбовская область
87200601;11010;Центральный федеральный округ;Тамбовская область
87201130;11011;Центральный федеральный округ;Тамбовская область
87200391;11012;Центральный федеральный округ;Тамбовская область
87201135;11013;Центральный федеральный округ;Тамбовская область
87201522;11014;Центральный федеральный округ;Тамбовская область
87201772;11015;Центральный федеральный округ;Тамбовская область
87201400;11016;Центральный федеральный округ;Тамбовская область
87200788;11017;Центральный федеральный округ;Тамбовская область
87200240;11018;Центральный федеральный округ;Тамбовская область
87201421;11019;Центральный федеральный округ;Тамбовская область
87201153;11020;Центральный федеральный округ;Тамбовская область
87200634;11021;Центральный федеральный округ;Тамбовская область
87201880;11022;Центральный федеральный округ;Тамбовская область
87201902;11023;Центральный федеральный округ;Тамбовская область
80802169;11101;Центральный федеральный округ;Владимирская область
81801097;11201;Центральный федеральный округ;Калужская область
92400947;20101;Южный федеральный округ;Краснодарский край
92401791;20102;Южный федеральный округ;Краснодарский край
92400662;20103;Южный федеральный округ;Краснодарский край
92401240;20104;Южный федеральный округ;Краснодарский край
92401942;20105;Южный федеральный округ;Краснодарский край
92400481;20106;Южный федеральный округ;Краснодарский край
92401354;20107;Южный федеральный округ;Краснодарский край
92401708;20108;Южный федеральный округ;Краснодарский край
92401253;20109;Южный федеральный округ;Краснодарский край
92400704;20110;Южный федеральный округ;Краснодарский край
92400382;20111;Южный федеральный округ;Краснодарский край
92400682;20112;Южный федеральный округ;Краснодарский край
92400443;20113;Южный федеральный округ;Краснодарский край
92402140;20114;Южный федеральный округ;Краснодарский край
92400873;20115;Южный федеральный округ;Краснодарский край
92401813;20116;Южный федеральный округ;Краснодарский край
92401470;20117;Южный федеральный округ;Краснодарский край
92401251;20118;Южный федеральный округ;Краснодарский край
92400842;20119;Южный федеральный округ;Краснодарский край
92401363;20120;Южный федеральный округ;Краснодарский край
92400915;20121;Южный федеральный округ;Краснодарский край
92400989;20122;Южный федеральный округ;Краснодарский край
92400963;20123;Южный федеральный округ;Краснодарский край
92400881;20124;Южный федеральный округ;Краснодарский край
92401817;20125;Южный федеральный округ;Краснодарский край
92401616;20126;Южный федеральный округ;Краснодарский край
92400176;20127;Южный федеральный округ;Краснодарский край
92400972;20128;Южный федеральный округ;Краснодарский край
92400257;20129;Южный федеральный округ;Краснодарский край
92400515;20130;Южный федеральный округ;Краснодарский край
92400185;20131;Южный федеральный округ;Краснодарский край
92400087;20132;Южный федеральный округ;Краснодарский край
92400916;20133;Южный федеральный округ;Краснодарский край
92400010;20134;Южный федеральный округ;Краснодарский край
92401923;20135;Южный федеральный округ;Краснодарский край
92400063;20136;Южный федеральный округ;Краснодарский край
92401139;20137;Южный федеральный округ;Краснодарский край
92401653;20138;Южный федеральный округ;Краснодарский край
92401848;20139;Южный федеральный округ;Краснодарский край
92401798;20140;Южный федеральный округ;Краснодарский край
92400429;20141;Южный федеральный округ;Краснодарский край
92400405;20142;Южный федеральный округ;Краснодарский край
92400076;20143;Южный федеральный округ;Краснодарский край
96201159;20201;Южный федеральный округ;Ростовская область
96200929;20202;Южный федеральный округ;Ростовская область
96200158;20203;Южный федеральный округ;Ростовская область
96201188;20204;Южный федеральный округ;Ростовская область
96200330;20205;Южный федеральный округ;Ростовская область
96200496;20206;Южный федеральный округ;Ростовская область
96201529;20207;Южный федеральный округ;Ростовская область
96201076;20208;Южный федеральный округ;Ростовская область
96200663;20209;Южный федеральный округ;Ростовская область
96200349;20210;Южный федеральный округ;Ростовская область
96200513;20211;Южный федеральный округ;Ростовская область
96201271;20212;Южный федеральный округ;Ростовская область
96200741;20213;Южный федеральный округ;Ростовская область
96200124;20214;Южный федеральный округ;Ростовская область
96200581;20215;Южный федеральный округ;Ростовская область
96201774;20216;Южный федеральный округ;Ростовская область
96200590;20217;Южный федеральный округ;Ростовская область
96202062;20218;Южный федеральный округ;Ростовская область
96200691;20219;Южный федеральный округ;Ростовская область
96201309;20220;Южный федеральный округ;Ростовская область
96202007;20221;Южный федеральный округ;Ростовская область
96201627;20222;Южный федеральный округ;Ростовская область
96201398;20223;Южный федеральный округ;Ростовская область
96200026;20224;Южный федеральный округ;Ростовская область
96200896;20225;Южный федеральный округ;Ростовская область
96200023;20226;Южный федеральный округ;Ростовская область
96202100;20227;Южный федеральный округ;Ростовская область
96201761;20228;Южный федеральный округ;Ростовская область
96200689;20229;Южный федеральный округ;Ростовская область
96202128;20230;Южный федеральный округ;Ростовская область
96200837;20231;Южный федеральный округ;Ростовская область
96201099;20232;Южный федеральный округ;Ростовская область
96200307;20233;Южный федеральный округ;Ростовская область
96201073;20234;Южный федеральный округ;Ростовская область
96200221;20235;Южный федеральный округ;Ростовская область
96201930;20236;Южный федеральный округ;Ростовская область
96200350;20237;Южный федеральный округ;Ростовская область
96200442;20238;Южный федеральный округ;Ростовская область
96201565;20239;Южный федеральный округ;Ростовская область
96201270;20240;Южный федеральный округ;Ростовская область
96201787;20241;Южный федеральный округ;Ростовская область
96200180;20242;Южный федеральный округ;Ростовская область
96201133;20243;Южный федеральный округ;Ростовская область
96202011;20244;Южный федеральный округ;Ростовская область
96201344;20245;Южный федеральный округ;Ростовская область
96201102;20246;Южный федеральный округ;Ростовская область
96201666;20247;Южный федеральный округ;Ростовская область
96201290;20248;Южный федеральный округ;Ростовская область
96201480;20249;Южный федеральный округ;Ростовская область
96200596;20250;Южный федеральный округ;Ростовская область
96200503;20251;Южный федеральный округ;Ростовская область
96200022;20252;Южный федеральный округ;Ростовская область
96201518;20253;Южный федеральный округ;Ростовская область
94500878;20301;Южный федеральный округ;Республика Адыгея
94500867;20302;Южный федеральный округ;Республика Адыгея
94502127;20303;Южный федеральный округ;Республика Адыгея
94500409;20304;Южный федеральный округ;Республика Адыгея
94501043;20305;Южный федеральный округ;Республика Адыгея
94501811;20306;Южный федеральный округ;Республика Адыгея
94501786;20307;Южный федеральный округ;Республика Адыгея
94501042;20308;Южный федеральный округ;Республика Адыгея
94500019;20309;Южный федеральный округ;Республика Адыгея
90901695;20401;Южный федеральный округ;Волгоградская область
90900519;20402;Южный федеральный округ;Волгоградская область
90901248;20403;Южный федеральный округ;Волгоградская область
90901230;20404;Южный федеральный округ;Волгоградская область
90900765;20405;Южный федеральный округ;Волгоградская область
90901917;20406;Южный федеральный округ;Волгоградская область
90901108;20407;Южный федеральный округ;Волгоградская область
90901204;20408;Южный федеральный округ;Волгоградская область
90901545;20409;Южный федеральный округ;Волгоградская область
90901630;20410;Южный федеральный округ;Волгоградская область
90900457;20411;Южный федеральный округ;Волгоградская область
90900796;20412;Южный федеральный округ;Волгоградская область
90900046;20413;Южный федеральный округ;Волгоградская область
90900424;20414;Южный федеральный округ;Волгоградская область
90900938;20415;Южный федеральный округ;Волгоградская область
90900551;20416;Южный федеральный округ;Волгоградская область
90901966;20417;Южный федеральный округ;Волгоградская область
90900278;20418;Южный федеральный округ;Волгоградская область
90900697;20419;Южный федеральный округ;Волгоградская область
90902059;20420;Южный федеральный округ;Волгоградская область
90901596;20421;Южный федеральный округ;Волгоградская область
90900855;20422;Южный федеральный округ;Волгоградская область
90901223;20423;Южный федеральный округ;Волгоградская область
90901710;20424;Южный федеральный округ;Волгоградская область
90900632;20425;Южный федеральный округ;Волгоградская область
90900860;20426;Южный федеральный округ;Волгоградская область
90901320;20427;Южный федеральный округ;Волгоградская область
90900503;20428;Южный федеральный округ;Волгоградская область
90900676;20429;Южный федеральный округ;Волгоградская область
90901739;20430;Южный федеральный округ;Волгоградская область
95100425;20501;Южный федеральный округ;Республика Калмыкия
95102198;20502;Южный федеральный округ;Республика Калмыкия
95400892;20601;Южный федеральный округ;Республика Крым
95401506;20602;Южный федеральный округ;Республика Крым
95401647;20603;Южный федеральный округ;Республика Крым
95401207;20604;Южный федеральный округ;Республика Крым
95400786;20605;Южный федеральный округ;Республика Крым
95400878;20606;Южный федеральный округ;Республика Крым
95401382;20607;Южный федеральный округ;Республика Крым
95401666;20608;Южный федеральный округ;Республика Крым
95400162;20609;Южный федеральный округ;Республика Крым
95402053;20610;Южный федеральный округ;Республика Крым
95401561;20611;Южный федеральный округ;Республика Крым
95400471;20612;Южный федеральный округ;Республика Крым
95400991;20613;Южный федеральный округ;Республика Крым
95400178;20614;Южный федеральный округ;Республика Крым
95401960;20615;Южный федеральный округ;Республика Крым
51600136;30101;Северо-Кавказский федеральный округ;Кабардино-Балкарская республика
51600603;30102;Северо-Кавказский федеральный округ;Кабардино-Балкарская республика
51600995;30103;Северо-Кавказский федеральный округ;Кабардино-Балкарская республика
51601808;30104;Северо-Кавказский федеральный округ;Кабардино-Балкарская республика
51601909;30105;Северо-Кавказский федеральный округ;Кабардино-Балкарская республика
51602031;30106;Северо-Кавказский федеральный округ;Кабардино-Балкарская республика
51601046;30107;Северо-Кавказский федеральный округ;Кабардино-Балкарская республика
51601485;30108;Северо-Кавказский федеральный округ;Кабардино-Балкарская республика
51600135;30109;Северо-Кавказский федеральный округ;Кабардино-Балкарская республика
51601484;30110;Северо-Кавказский федеральный округ;Кабардино-Балкарская республика
51602039;30111;Северо-Кавказский федеральный округ;Кабардино-Балкарская республика
51602149;30112;Северо-Кавказский федеральный округ;Кабардино-Балкарская республика
51601173;30113;Северо-Кавказский федеральный округ;Кабардино-Балкарская республика
52000004;30201;Северо-Кавказский федеральный округ;Карачаево-Черкесская республика
52001274;30202;Северо-Кавказский федеральный округ;Карачаево-Черкесская республика
52001467;30203;Северо-Кавказский федеральный округ;Карачаево-Черкесская республика
52000020;30204;Северо-Кавказский федеральный округ;Карачаево-Черкесская республика
52001057;30205;Северо-Кавказский федеральный округ;Карачаево-Черкесская республика
52001929;30206;Северо-Кавказский федеральный округ;Карачаево-Черкесская республика
52000588;30207;Северо-Кавказский федеральный округ;Карачаево-Черкесская республика
52001975;30208;Северо-Кавказский федеральный округ;Карачаево-Черкесская республика
52001914;30209;Северо-Кавказский федеральный округ;Карачаево-Черкесская республика
52000718;30210;Северо-Кавказский федеральный округ;Карачаево-Черкесская республика
57101228;30301;Северо-Кавказский федеральный округ;Ставропольский край
57101462;30302;Северо-Кавказский федеральный округ;Ставропольский край
57100878;30303;Северо-Кавказский федеральный округ;Ставропольский край
57100865;30304;Северо-Кавказский федеральный округ;Ставропольский край
57100626;30305;Северо-Кавказский федеральный округ;Ставропольский край
57101847;30306;Северо-Кавказский федеральный округ;Ставропольский край
57101503;30307;Северо-Кавказский федеральный округ;Ставропольский край
57102129;30308;Северо-Кавказский федеральный округ;Ставропольский край
57100543;30309;Северо-Кавказский федеральный округ;Ставропольский край
57101103;30310;Северо-Кавказский федеральный округ;Ставропольский край
57100639;30311;Северо-Кавказский федеральный округ;Ставропольский край
57100407;30312;Северо-Кавказский федеральный округ;Ставропольский край
57100043;30313;Северо-Кавказский федеральный округ;Ставропольский край
57101201;30314;Северо-Кавказский федеральный округ;Ставропольский край
57101254;30315;Северо-Кавказский федеральный округ;Ставропольский край
57100786;30316;Северо-Кавказский федеральный округ;Ставропольский край
57101400;30317;Северо-Кавказский федеральный округ;Ставропольский край
57100432;30318;Северо-Кавказский федеральный округ;Ставропольский край
57101666;30319;Северо-Кавказский федеральный округ;Ставропольский край
57101714;30320;Северо-Кавказский федеральный округ;Ставропольский край
57101861;30321;Северо-Кавказский федеральный округ;Ставропольский край
57100073;30322;Северо-Кавказский федеральный округ;Ставропольский край
57100953;30323;Северо-Кавказский федеральный округ;Ставропольский край
57100263;30324;Северо-Кавказский федеральный округ;Ставропольский край
57100067;30325;Северо-Кавказский федеральный округ;Ставропольский край
57100986;30326;Северо-Кавказский федеральный округ;Ставропольский край
57100209;30327;Северо-Кавказский федеральный округ;Ставропольский край
57100085;30328;Северо-Кавказский федеральный округ;Ставропольский край
57101700;30329;Северо-Кавказский федеральный округ;Ставропольский край
54902005;30401;Северо-Кавказский федеральный округ;Республика Дагестан
54901274;30402;Северо-Кавказский федеральный округ;Республика Дагестан
54901983;30403;Северо-Кавказский федеральный округ;Республика Дагестан
54901984;30404;Северо-Кавказский федеральный округ;Республика Дагестан
54901778;30405;Северо-Кавказский федеральный округ;Республика Дагестан
54900763;30406;Северо-Кавказский федеральный округ;Республика Дагестан
54900672;30407;Северо-Кавказский федеральный округ;Республика Дагестан
54901243;30408;Северо-Кавказский федеральный округ;Республика Дагестан
54900120;30409;Северо-Кавказский федеральный округ;Республика Дагестан
55800640;30501;Северо-Кавказский федеральный округ;Республика Северная Осетия - Алания
55800786;30502;Северо-Кавказский федеральный округ;Республика Северная Осетия - Алания
55800082;30503;Северо-Кавказский федеральный округ;Республика Северная Осетия - Алания
55801461;30504;Северо-Кавказский федеральный округ;Республика Северная Осетия - Алания
55800343;30505;Северо-Кавказский федеральный округ;Республика Северная Осетия - Алания
55801466;30506;Северо-Кавказский федеральный округ;Республика Северная Осетия - Алания
55801119;30507;Северо-Кавказский федеральный округ;Республика Северная Осетия - Алания
55001732;30601;Северо-Кавказский федеральный округ;Республика Ингушетия
55001052;30602;Северо-Кавказский федеральный округ;Республика Ингушетия
55000710;30603;Северо-Кавказский федеральный округ;Республика Ингушетия
55001170;30604;Северо-Кавказский федеральный округ;Республика Ингушетия
55001171;30605;Северо-Кавказский федеральный округ;Республика Ингушетия
43600245;40101;Северо-Западный федеральный округ;Новгородская область
34100163;50101;Приволжский федеральный округ;Пензенская область
34101376;50102;Приволжский федеральный округ;Пензенская область
34101177;50103;Приволжский федеральный округ;Пензенская область
34100589;50104;Приволжский федеральный округ;Пензенская область
34101693;50105;Приволжский федеральный округ;Пензенская область
34101213;50106;Приволжский федеральный округ;Пензенская область
34100174;50107;Приволжский федеральный округ;Пензенская область
34100283;50108;Приволжский федеральный округ;Пензенская область
34101770;50109;Приволжский федеральный округ;Пензенская область
34100194;50110;Приволжский федеральный округ;Пензенская область
34100650;50111;Приволжский федеральный округ;Пензенская область
34101014;50112;Приволжский федеральный округ;Пензенская область
34101635;50113;Приволжский федеральный округ;Пензенская область
34101021;50114;Приволжский федеральный округ;Пензенская область
34100689;50115;Приволжский федеральный округ;Пензенская область
34101379;50116;Приволжский федеральный округ;Пензенская область
34100827;50117;Приволжский федеральный округ;Пензенская область
34101121;50118;Приволжский федеральный округ;Пензенская область
34100927;50119;Приволжский федеральный округ;Пензенская область
34100169;50120;Приволжский федеральный округ;Пензенская область
34102112;50121;Приволжский федеральный округ;Пензенская область
34100424;50122;Приволжский федеральный округ;Пензенская область
34101224;50123;Приволжский федеральный округ;Пензенская область
34100692;50124;Приволжский федеральный округ;Пензенская область
34101059;50125;Приволжский федеральный округ;Пензенская область
34101183;50126;Приволжский федеральный округ;Пензенская область
34101687;50127;Приволжский федеральный округ;Пензенская область
35900028;50201;Приволжский федеральный округ;Республика Татарстан
35900123;50202;Приволжский федеральный округ;Республика Татарстан
35900074;50203;Приволжский федеральный округ;Республика Татарстан
35900267;50204;Приволжский федеральный округ;Республика Татарстан
35900499;50205;Приволжский федеральный округ;Республика Татарстан
35901580;50206;Приволжский федеральный округ;Республика Татарстан
35900021;50207;Приволжский федеральный округ;Республика Татарстан
35902043;50208;Приволжский федеральный округ;Республика Татарстан
35901552;50209;Приволжский федеральный округ;Республика Татарстан
35901151;50210;Приволжский федеральный округ;Республика Татарстан
35900027;50211;Приволжский федеральный округ;Республика Татарстан
35901283;50212;Приволжский федеральный округ;Республика Татарстан
35902066;50213;Приволжский федеральный округ;Республика Татарстан
35901095;50214;Приволжский федеральный округ;Республика Татарстан
35901272;50215;Приволжский федеральный округ;Республика Татарстан
35901810;50216;Приволжский федеральный округ;Республика Татарстан
35900990;50217;Приволжский федеральный округ;Республика Татарстан
35900148;50218;Приволжский федеральный округ;Республика Татарстан
35901062;50219;Приволжский федеральный округ;Республика Татарстан
35900978;50220;Приволжский федеральный округ;Республика Татарстан
35901396;50221;Приволжский федеральный округ;Республика Татарстан
35900046;50222;Приволжский федеральный округ;Республика Татарстан
35901160;50223;Приволжский федеральный округ;Республика Татарстан
35900562;50224;Приволжский федеральный округ;Республика Татарстан
35900518;50225;Приволжский федеральный округ;Республика Татарстан
35901853;50226;Приволжский федеральный округ;Республика Татарстан
35901693;50227;Приволжский федеральный округ;Республика Татарстан
35900092;50228;Приволжский федеральный округ;Республика Татарстан
35900260;50229;Приволжский федеральный округ;Республика Татарстан
35900054;50230;Приволжский федеральный округ;Республика Татарстан
35902173;50231;Приволжский федеральный округ;Республика Татарстан
35900694;50232;Приволжский федеральный округ;Республика Татарстан
35900319;50233;Приволжский федеральный округ;Республика Татарстан
35901211;50234;Приволжский федеральный округ;Республика Татарстан
35901094;50235;Приволжский федеральный округ;Республика Татарстан
35901872;50236;Приволжский федеральный округ;Республика Татарстан
35900587;50237;Приволжский федеральный округ;Республика Татарстан
35900056;50238;Приволжский федеральный округ;Республика Татарстан
35900383;50239;Приволжский федеральный округ;Республика Татарстан
35600501;50301;Приволжский федеральный округ;Республика Мордовия
35601535;50302;Приволжский федеральный округ;Республика Мордовия
35601035;50303;Приволжский федеральный округ;Республика Мордовия
35600864;50304;Приволжский федеральный округ;Республика Мордовия
35601712;50305;Приволжский федеральный округ;Республика Мордовия
35600637;50306;Приволжский федеральный округ;Республика Мордовия
35600654;50307;Приволжский федеральный округ;Республика Мордовия
35601797;50308;Приволжский федеральный округ;Республика Мордовия
35600226;50309;Приволжский федеральный округ;Республика Мордовия
35600665;50310;Приволжский федеральный округ;Республика Мордовия
36400868;50401;Приволжский федеральный округ;Самарская область
36402034;50402;Приволжский федеральный округ;Самарская область
36401701;50403;Приволжский федеральный округ;Самарская область
36400873;50404;Приволжский федеральный округ;Самарская область
36400167;50405;Приволжский федеральный округ;Самарская область
36401633;50406;Приволжский федеральный округ;Самарская область
36400353;50407;Приволжский федеральный округ;Самарская область
36400774;50408;Приволжский федеральный округ;Самарская область
36401465;50409;Приволжский федеральный округ;Самарская область
36400228;50410;Приволжский федеральный округ;Самарская область
36400211;50411;Приволжский федеральный округ;Самарская область
36401395;50412;Приволжский федеральный округ;Самарская область
36401456;50413;Приволжский федеральный округ;Самарская область
36401990;50414;Приволжский федеральный округ;Самарская область
36400775;50415;Приволжский федеральный округ;Самарская область
36401747;50416;Приволжский федеральный округ;Самарская область
36402114;50417;Приволжский федеральный округ;Самарская область
36400524;50418;Приволжский федеральный округ;Самарская область
36400907;50419;Приволжский федеральный округ;Самарская область
36402116;50420;Приволжский федеральный округ;Самарская область
36400645;50421;Приволжский федеральный округ;Самарская область
36401199;50422;Приволжский федеральный округ;Самарская область
36400698;50423;Приволжский федеральный округ;Самарская область
36400238;50424;Приволжский федеральный округ;Самарская область
36400802;50425;Приволжский федеральный округ;Самарская область
36400248;50426;Приволжский федеральный округ;Самарская область
36401748;50427;Приволжский федеральный округ;Самарская область
36400046;50428;Приволжский федеральный округ;Самарская область
36401242;50429;Приволжский федеральный округ;Самарская область
38300035;50501;Приволжский федеральный округ;Чувашская республика
38302111;50502;Приволжский федеральный округ;Чувашская республика
38301269;50503;Приволжский федеральный округ;Чувашская республика
38302132;50504;Приволжский федеральный округ;Чувашская республика
38300160;50505;Приволжский федеральный округ;Чувашская республика
38300609;50506;Приволжский федеральный округ;Чувашская республика
38302028;50507;Приволжский федеральный округ;Чувашская республика
38301913;50508;Приволжский федеральный округ;Чувашская республика
38300702;50509;Приволжский федеральный округ;Чувашская республика
38300831;50510;Приволжский федеральный округ;Чувашская республика
38300814;50511;Приволжский федеральный округ;Чувашская республика
38302184;50512;Приволжский федеральный округ;Чувашская республика
37800129;50601;Приволжский федеральный округ;Ульяновская область
37802010;50602;Приволжский федеральный округ;Ульяновская область
37801900;50603;Приволжский федеральный округ;Ульяновская область
37800727;50604;Приволжский федеральный округ;Ульяновская область
37801901;50605;Приволжский федеральный округ;Ульяновская область
37801091;50606;Приволжский федеральный округ;Ульяновская область
37802037;50607;Приволжский федеральный округ;Ульяновская область
37801245;50608;Приволжский федеральный округ;Ульяновская область
37801707;50609;Приволжский федеральный округ;Ульяновская область
37801504;50610;Приволжский федеральный округ;Ульяновская область
37800156;50611;Приволжский федеральный округ;Ульяновская область
37800333;50612;Приволжский федеральный округ;Ульяновская область
37801740;50613;Приволжский федеральный округ;Ульяновская область
37801261;50614;Приволжский федеральный округ;Ульяновская область
37801045;50615;Приволжский федеральный округ;Ульяновская область
37800928;50616;Приволжский федеральный округ;Ульяновская область
37801629;50617;Приволжский федеральный округ;Ульяновская область
37801223;50618;Приволжский федеральный округ;Ульяновская область
37801363;50619;Приволжский федеральный округ;Ульяновская область
37801803;50620;Приволжский федеральный округ;Ульяновская область
37801265;50621;Приволжский федеральный округ;Ульяновская область
37801706;50622;Приволжский федеральный округ;Ульяновская область
37800635;50623;Приволжский федеральный округ;Ульяновская область
34700725;50701;Приволжский федеральный округ;Республика Башкортостан
34700009;50702;Приволжский федеральный округ;Республика Башкортостан
34701562;50703;Приволжский федеральный округ;Республика Башкортостан
34701093;50704;Приволжский федеральный округ;Республика Башкортостан
34700617;50705;Приволжский федеральный округ;Республика Башкортостан
34700108;50706;Приволжский федеральный округ;Республика Башкортостан
34701717;50707;Приволжский федеральный округ;Республика Башкортостан
34700449;50708;Приволжский федеральный округ;Республика Башкортостан
34701959;50709;Приволжский федеральный округ;Республика Башкортостан
34701951;50710;Приволжский федеральный округ;Республика Башкортостан
34702033;50711;Приволжский федеральный округ;Республика Башкортостан
34702069;50712;Приволжский федеральный округ;Республика Башкортостан
34700057;50713;Приволжский федеральный округ;Республика Башкортостан
34701852;50714;Приволжский федеральный округ;Республика Башкортостан
34700656;50715;Приволжский федеральный округ;Республика Башкортостан
34700510;50716;Приволжский федеральный округ;Республика Башкортостан
34702088;50717;Приволжский федеральный округ;Республика Башкортостан
34700402;50718;Приволжский федеральный округ;Республика Башкортостан
34700208;50719;Приволжский федеральный округ;Республика Башкортостан
34700264;50720;Приволжский федеральный округ;Республика Башкортостан
34701715;50721;Приволжский федеральный округ;Республика Башкортостан
34700964;50722;Приволжский федеральный округ;Республика Башкортостан
34700921;50723;Приволжский федеральный округ;Республика Башкортостан
34700936;50724;Приволжский федеральный округ;Республика Башкортостан
34701113;50725;Приволжский федеральный округ;Республика Башкортостан
34700535;50726;Приволжский федеральный округ;Республика Башкортостан
34700631;50727;Приволжский федеральный округ;Республика Башкортостан
34700592;50728;Приволжский федеральный округ;Республика Башкортостан
34700172;50729;Приволжский федеральный округ;Республика Башкортостан
34700134;50730;Приволжский федеральный округ;Республика Башкортостан
34700206;50731;Приволжский федеральный округ;Республика Башкортостан
34700887;50732;Приволжский федеральный округ;Республика Башкортостан
34700962;50733;Приволжский федеральный округ;Республика Башкортостан
34700203;50734;Приволжский федеральный округ;Республика Башкортостан
34702186;50735;Приволжский федеральный округ;Республика Башкортостан
34700195;50736;Приволжский федеральный округ;Республика Башкортостан
34701952;50737;Приволжский федеральный округ;Республика Башкортостан
34700505;50738;Приволжский федеральный округ;Республика Башкортостан
34700096;50739;Приволжский федеральный округ;Республика Башкортостан
34701976;50740;Приволжский федеральный округ;Республика Башкортостан
34700593;50741;Приволжский федеральный округ;Республика Башкортостан
34700132;50742;Приволжский федеральный округ;Республика Башкортостан
36600086;50801;Приволжский федеральный округ;Саратовская область
36601567;50802;Приволжский федеральный округ;Саратовская область
36600682;50803;Приволжский федеральный округ;Саратовская область
36601533;50804;Приволжский федеральный округ;Саратовская область
36600144;50805;Приволжский федеральный округ;Саратовская область
36600517;50806;Приволжский федеральный округ;Саратовская область
36601232;50807;Приволжский федеральный округ;Саратовская область
36601862;50808;Приволжский федеральный округ;Саратовская область
36601542;50809;Приволжский федеральный округ;Саратовская область
36601072;50810;Приволжский федеральный округ;Саратовская область
36601400;50811;Приволжский федеральный округ;Саратовская область
36600104;50812;Приволжский федеральный округ;Саратовская область
36601783;50813;Приволжский федеральный округ;Саратовская область
36600613;50814;Приволжский федеральный округ;Саратовская область
36600140;50815;Приволжский федеральный округ;Саратовская область
36601490;50816;Приволжский федеральный округ;Саратовская область
36601025;50817;Приволжский федеральный округ;Саратовская область
36600128;50818;Приволжский федеральный округ;Саратовская область
36600365;50819;Приволжский федеральный округ;Саратовская область
36601578;50820;Приволжский федеральный округ;Саратовская область
36600508;50821;Приволжский федеральный округ;Саратовская область
36601666;50822;Приволжский федеральный округ;Саратовская область
36601987;50823;Приволжский федеральный округ;Саратовская область
36600147;50824;Приволжский федеральный округ;Саратовская область
36601388;50825;Приволжский федеральный округ;Саратовская область
36601525;50826;Приволжский федеральный округ;Саратовская область
36600370;50827;Приволжский федеральный округ;Саратовская область
36602150;50828;Приволжский федеральный округ;Саратовская область
36601264;50829;Приволжский федеральный округ;Саратовская область
36600873;50830;Приволжский федеральный округ;Саратовская область
36600890;50831;Приволжский федеральный округ;Саратовская область
36601959;50832;Приволжский федеральный округ;Саратовская область
36601577;50833;Приволжский федеральный округ;Саратовская область
36600538;50834;Приволжский федеральный округ;Саратовская область
36600888;50835;Приволжский федеральный округ;Саратовская область
36600468;50836;Приволжский федеральный округ;Саратовская область
36601304;50837;Приволжский федеральный округ;Саратовская область
36601419;50838;Приволжский федеральный округ;Саратовская область
33900432;50901;Приволжский федеральный округ;Оренбургская область
33900099;50902;Приволжский федеральный округ;Оренбургская область
33900262;50903;Приволжский федеральный округ;Оренбургская область
33900008;50904;Приволжский федеральный округ;Оренбургская область
33900950;50905;Приволжский федеральный округ;Оренбургская область
33900265;50906;Приволжский федеральный округ;Оренбургская область
33901871;50907;Приволжский федеральный округ;Оренбургская область
33900745;50908;Приволжский федеральный округ;Оренбургская область
33901077;50909;Приволжский федеральный округ;Оренбургская область
33900266;50910;Приволжский федеральный округ;Оренбургская область
33901309;50911;Приволжский федеральный округ;Оренбургская область
33901788;50912;Приволжский федеральный округ;Оренбургская область
33901604;50913;Приволжский федеральный округ;Оренбургская область
33900261;50914;Приволжский федеральный округ;Оренбургская область
33901573;50915;Приволжский федеральный округ;Оренбургская область
33901560;50916;Приволжский федеральный округ;Оренбургская область
33900878;50917;Приволжский федеральный округ;Оренбургская область
33901449;50918;Приволжский федеральный округ;Оренбургская область
33900043;50919;Приволжский федеральный округ;Оренбургская область
33901840;50920;Приволжский федеральный округ;Оренбургская область
33901682;50921;Приволжский федеральный округ;Оренбургская область
33900017;50922;Приволжский федеральный округ;Оренбургская область
33901382;50923;Приволжский федеральный округ;Оренбургская область
33901338;50924;Приволжский федеральный округ;Оренбургская область
33901256;50925;Приволжский федеральный округ;Оренбургская область
33902090;50926;Приволжский федеральный округ;Оренбургская область
33901386;50927;Приволжский федеральный округ;Оренбургская область
33900630;50928;Приволжский федеральный округ;Оренбургская область
33900919;50929;Приволжский федеральный округ;Оренбургская область
33901678;50930;Приволжский федеральный округ;Оренбургская область
33900398;50931;Приволжский федеральный округ;Оренбургская область
33900189;50932;Приволжский федеральный округ;Оренбургская область
33901249;50933;Приволжский федеральный округ;Оренбургская область
33901337;50934;Приволжский федеральный округ;Оренбургская область
33900024;50935;Приволжский федеральный округ;Оренбургская область
33902196;50936;Приволжский федеральный округ;Оренбургская область
37700051;51001;Приволжский федеральный округ;Удмуртская республика
37701058;51002;Приволжский федеральный округ;Удмуртская республика
37701754;51003;Приволжский федеральный округ;Удмуртская республика
37702089;51004;Приволжский федеральный округ;Удмуртская республика
37700461;51005;Приволжский федеральный округ;Удмуртская республика
37700559;51006;Приволжский федеральный округ;Удмуртская республика
37701883;51007;Приволжский федеральный округ;Удмуртская республика
37700281;51008;Приволжский федеральный округ;Удмуртская республика
37700374;51009;Приволжский федеральный округ;Удмуртская республика
37700620;51010;Приволжский федеральный округ;Удмуртская республика
37700793;51011;Приволжский федеральный округ;Удмуртская республика
37700880;51012;Приволжский федеральный округ;Удмуртская республика
37701118;51013;Приволжский федеральный округ;Удмуртская республика
37701576;51014;Приволжский федеральный округ;Удмуртская республика
37701624;51015;Приволжский федеральный округ;Удмуртская республика
33500084;51101;Приволжский федеральный округ;Нижегородская область
33500214;51102;Приволжский федеральный округ;Нижегородская область
33501642;51103;Приволжский федеральный округ;Нижегородская область
33500394;51104;Приволжский федеральный округ;Нижегородская область
33501458;51105;Приволжский федеральный округ;Нижегородская область
33501385;51106;Приволжский федеральный округ;Нижегородская область
33500889;51107;Приволжский федеральный округ;Нижегородская область
33501631;51108;Приволжский федеральный округ;Нижегородская область
33500230;51109;Приволжский федеральный округ;Нижегородская область
64601044;60101;Сибирский федеральный округ;Республика Алтай
64601328;60102;Сибирский федеральный округ;Республика Алтай
64601863;60103;Сибирский федеральный округ;Республика Алтай
64601938;60104;Сибирский федеральный округ;Республика Алтай
60100683;60201;Сибирский федеральный округ;Алтайский край
60101662;60202;Сибирский федеральный округ;Алтайский край
60100604;60203;Сибирский федеральный округ;Алтайский край
60100689;60204;Сибирский федеральный округ;Алтайский край
60101404;60205;Сибирский федеральный округ;Алтайский край
60100280;60206;Сибирский федеральный округ;Алтайский край
60101382;60207;Сибирский федеральный округ;Алтайский край
60100197;60208;Сибирский федеральный округ;Алтайский край
60101514;60209;Сибирский федеральный округ;Алтайский край
60101064;60210;Сибирский федеральный округ;Алтайский край
60101874;60211;Сибирский федеральный округ;Алтайский край
60100968;60212;Сибирский федеральный округ;Алтайский край
60100127;60213;Сибирский федеральный округ;Алтайский край
60101833;60214;Сибирский федеральный округ;Алтайский край
60100851;60215;Сибирский федеральный округ;Алтайский край
60101934;60216;Сибирский федеральный округ;Алтайский край
60101454;60217;Сибирский федеральный округ;Алтайский край
60101726;60218;Сибирский федеральный округ;Алтайский край
60101012;60219;Сибирский федеральный округ;Алтайский край
60101227;60220;Сибирский федеральный округ;Алтайский край
60101841;60221;Сибирский федеральный округ;Алтайский край
60100599;60222;Сибирский федеральный округ;Алтайский край
60100514;60223;Сибирский федеральный округ;Алтайский край
60100039;60224;Сибирский федеральный округ;Алтайский край
60102006;60225;Сибирский федеральный округ;Алтайский край
60101363;60226;Сибирский федеральный округ;Алтайский край
60101533;60227;Сибирский федеральный округ;Алтайский край
60101944;60228;Сибирский федеральный округ;Алтайский край
60101666;60229;Сибирский федеральный округ;Алтайский край
60102107;60230;Сибирский федеральный округ;Алтайский край
60100914;60231;Сибирский федеральный округ;Алтайский край
60102122;60232;Сибирский федеральный округ;Алтайский край
60100154;60233;Сибирский федеральный округ;Алтайский край
60101974;60234;Сибирский федеральный округ;Алтайский край
60100959;60235;Сибирский федеральный округ;Алтайский край
60100364;60236;Сибирский федеральный округ;Алтайский край
60101544;60237;Сибирский федеральный округ;Алтайский край
60100559;60238;Сибирский федеральный округ;Алтайский край
60101843;60239;Сибирский федеральный округ;Алтайский край
60101370;60240;Сибирский федеральный округ;Алтайский край
60100905;60241;Сибирский федеральный округ;Алтайский край
60100208;60242;Сибирский федеральный округ;Алтайский край
60100575;60243;Сибирский федеральный округ;Алтайский край
60101769;60244;Сибирский федеральный округ;Алтайский край
60101528;60245;Сибирский федеральный округ;Алтайский край
60101109;60246;Сибирский федеральный округ;Алтайский край
60100801;60247;Сибирский федеральный округ;Алтайский край
60101677;60248;Сибирский федеральный округ;Алтайский край
60100527;60249;Сибирский федеральный округ;Алтайский край
60101193;60250;Сибирский федеральный округ;Алтайский край
60100182;60251;Сибирский федеральный округ;Алтайский край
60100052;60252;Сибирский федеральный округ;Алтайский край
60101651;60253;Сибирский федеральный округ;Алтайский край
60101758;60254;Сибирский федеральный округ;Алтайский край
60101887;60255;Сибирский федеральный округ;Алтайский край
60100275;60256;Сибирский федеральный округ;Алтайский край
60100880;60257;Сибирский федеральный округ;Алтайский край
60100566;60258;Сибирский федеральный округ;Алтайский край
60100196;60259;Сибирский федеральный округ;Алтайский край
60100934;60260;Сибирский федеральный округ;Алтайский край
60101821;60261;Сибирский федеральный округ;Алтайский край
60101229;60262;Сибирский федеральный округ;Алтайский край
60101676;60263;Сибирский федеральный округ;Алтайский край
60102023;60264;Сибирский федеральный округ;Алтайский край
63700882;60301;Сибирский федеральный округ;Новосибирская область
63701142;60302;Сибирский федеральный округ;Новосибирская область
63701822;60303;Сибирский федеральный округ;Новосибирская область
63701075;60304;Сибирский федеральный округ;Новосибирская область
63700583;60305;Сибирский федеральный округ;Новосибирская область
63700943;60306;Сибирский федеральный округ;Новосибирская область
63700863;60307;Сибирский федеральный округ;Новосибирская область
63700929;60308;Сибирский федеральный округ;Новосибирская область
63702065;60309;Сибирский федеральный округ;Новосибирская область
63701782;60310;Сибирский федеральный округ;Новосибирская область
63700125;60311;Сибирский федеральный округ;Новосибирская область
63700715;60312;Сибирский федеральный округ;Новосибирская область
63700649;60313;Сибирский федеральный округ;Новосибирская область
63701335;60314;Сибирский федеральный округ;Новосибирская область
63700488;60315;Сибирский федеральный округ;Новосибирская область
63802048;60401;Сибирский федеральный округ;Омская область
63801074;60402;Сибирский федеральный округ;Омская область
63800678;60403;Сибирский федеральный округ;Омская область
63801364;60404;Сибирский федеральный округ;Омская область
63801760;60405;Сибирский федеральный округ;Омская область
63801297;60406;Сибирский федеральный округ;Омская область
63801307;60407;Сибирский федеральный округ;Омская область
63802115;60408;Сибирский федеральный округ;Омская область
63800023;60409;Сибирский федеральный округ;Омская область
63801324;60410;Сибирский федеральный округ;Омская область
63801233;60411;Сибирский федеральный округ;Омская область
63800236;60412;Сибирский федеральный округ;Омская область
63800428;60413;Сибирский федеральный округ;Омская область
63800601;60414;Сибирский федеральный округ;Омская область
63801172;60415;Сибирский федеральный округ;Омская область
63801214;60416;Сибирский федеральный округ;Омская область
63801619;60417;Сибирский федеральный округ;Омская область
63801793;60418;Сибирский федеральный округ;Омская область
63801933;60419;Сибирский федеральный округ;Омская область
63800647;60420;Сибирский федеральный округ;Омская область
63801150;60421;Сибирский федеральный округ;Омская область
63800821;60422;Сибирский федеральный округ;Омская область
63801777;60423;Сибирский федеральный округ;Омская область
63801870;60424;Сибирский федеральный округ;Омская область
63801323;60425;Сибирский федеральный округ;Омская область
63800913;60426;Сибирский федеральный округ;Омская область
63801137;60427;Сибирский федеральный округ;Омская область
63801579;60428;Сибирский федеральный округ;Омская область
63801032;60429;Сибирский федеральный округ;Омская область
63801548;60430;Сибирский федеральный округ;Омская область
63801443;60431;Сибирский федеральный округ;Омская область
63800844;60432;Сибирский федеральный округ;Омская область
63800232;60433;Сибирский федеральный округ;Омская область
66101333;60501;Сибирский федеральный округ;Республика Хакасия
66100168;60502;Сибирский федеральный округ;Республика Хакасия
66100217;60503;Сибирский федеральный округ;Республика Хакасия
66100052;60504;Сибирский федеральный округ;Республика Хакасия
62500906;60601;Сибирский федеральный округ;Красноярский край
62500529;60602;Сибирский федеральный округ;Красноярский край
62500944;60603;Сибирский федеральный округ;Красноярский край
62501105;60604;Сибирский федеральный округ;Красноярский край
62101832;60701;Сибирский федеральный округ;Кемеровская область
62101241;60702;Сибирский федеральный округ;Кемеровская область
62100789;60703;Сибирский федеральный округ;Кемеровская область
62100749;60704;Сибирский федеральный округ;Кемеровская область
62101088;60705;Сибирский федеральный округ;Кемеровская область
62101156;60706;Сибирский федеральный округ;Кемеровская область
62102165;60707;Сибирский федеральный округ;Кемеровская область
62102199;60708;Сибирский федеральный округ;Кемеровская область
62100992;60709;Сибирский федеральный округ;Кемеровская область
17900831;70101;Дальневосточный федеральный округ;Хабаровский край
17900976;70102;Дальневосточный федеральный округ;Хабаровский край
17901973;70103;Дальневосточный федеральный округ;Хабаровский край
17900305;70104;Дальневосточный федеральный округ;Хабаровский край
10201641;70201;Дальневосточный федеральный округ;Амурская область
10201772;70202;Дальневосточный федеральный округ;Амурская область
10200207;70203;Дальневосточный федеральный округ;Амурская область
10200837;70204;Дальневосточный федеральный округ;Амурская область
10200178;70205;Дальневосточный федеральный округ;Амурская область
10201109;70206;Дальневосточный федеральный округ;Амурская область
10201309;70207;Дальневосточный федеральный округ;Амурская область
10201600;70208;Дальневосточный федеральный округ;Амурская область
10200611;70209;Дальневосточный федеральный округ;Амурская область
10200208;70210;Дальневосточный федеральный округ;Амурская область
10201601;70211;Дальневосточный федеральный округ;Амурская область
10200097;70212;Дальневосточный федеральный округ;Амурская область
10202120;70213;Дальневосточный федеральный округ;Амурская область
10201534;70214;Дальневосточный федеральный округ;Амурская область
10200177;70215;Дальневосточный федеральный округ;Амурская область
10201041;70216;Дальневосточный федеральный округ;Амурская область
10200556;70217;Дальневосточный федеральный округ;Амурская область
14300786;70301;Дальневосточный федеральный округ;Приморский край
14301924;70302;Дальневосточный федеральный округ;Приморский край
14301317;70303;Дальневосточный федеральный округ;Приморский край
14301436;70304;Дальневосточный федеральный округ;Приморский край
14302126;70305;Дальневосточный федеральный округ;Приморский край
14301309;70306;Дальневосточный федеральный округ;Приморский край
14300342;70307;Дальневосточный федеральный округ;Приморский край
14300093;70308;Дальневосточный федеральный округ;Приморский край
14301373;70309;Дальневосточный федеральный округ;Приморский край
14300977;70310;Дальневосточный федеральный округ;Приморский край
14300072;70311;Дальневосточный федеральный округ;Приморский край
14301109;70312;Дальневосточный федеральный округ;Приморский край
14300873;70313;Дальневосточный федеральный округ;Приморский край
14300997;70314;Дальневосточный федеральный округ;Приморский край
14301693;70315;Дальневосточный федеральный округ;Приморский край
14301985;70316;Дальневосточный федеральный округ;Приморский край
14302002;70317;Дальневосточный федеральный округ;Приморский край
14302072;70318;Дальневосточный федеральный округ;Приморский край
14301165;70319;Дальневосточный федеральный округ;Приморский край
14301978;70320;Дальневосточный федеральный округ;Приморский край
14302049;70321;Дальневосточный федеральный округ;Приморский край
11301463;70401;Дальневосточный федеральный округ;Забайкальский край
11302067;70402;Дальневосточный федеральный округ;Забайкальский край
11300679;70403;Дальневосточный федеральный округ;Забайкальский край
77601873;80101;Уральский федеральный округ;Тюменская область
77600646;80102;Уральский федеральный округ;Тюменская область
78001203;80201;Уральский федеральный округ;Ханты-Мансийский автономный округ - Югра
78100732;80301;Уральский федеральный округ;Челябинская область
78100873;80302;Уральский федеральный округ;Челябинская область
78101882;80303;Уральский федеральный округ;Челябинская область
78101423;80304;Уральский федеральный округ;Челябинская область
78102063;80305;Уральский федеральный округ;Челябинская область
78101309;80306;Уральский федеральный округ;Челябинская область
78100728;80307;Уральский федеральный округ;Челябинская область
78100540;80308;Уральский федеральный округ;Челябинская область
78101843;80309;Уральский федеральный округ;Челябинская область
78100318;80310;Уральский федеральный округ;Челябинская область
78102027;80311;Уральский федеральный округ;Челябинская область
78100012;80312;Уральский федеральный округ;Челябинская область
78100290;80313;Уральский федеральный округ;Челябинская область
78100759;80314;Уральский федеральный округ;Челябинская область
78100254;80315;Уральский федеральный округ;Челябинская область
78101163;80316;Уральский федеральный округ;Челябинская область
78101894;80317;Уральский федеральный округ;Челябинская область
76801501;80401;Уральский федеральный округ;Свердловская область
72601112;80501;Уральский федеральный округ;Курганская область
72600753;80502;Уральский федеральный округ;Курганская область
72600582;80503;Уральский федеральный округ;Курганская область
72601474;80504;Уральский федеральный округ;Курганская область
72600720;80505;Уральский федеральный округ;Курганская область
72601442;80506;Уральский федеральный округ;Курганская область
72601586;80507;Уральский федеральный округ;Курганская область
72602006;80508;Уральский федеральный округ;Курганская область
72600288;80509;Уральский федеральный округ;Курганская область
72600451;80510;Уральский федеральный округ;Курганская область
72600736;80511;Уральский федеральный округ;Курганская область
72602097;80512;Уральский федеральный округ;Курганская область
72602143;80513;Уральский федеральный округ;Курганская область
72602164;80514;Уральский федеральный округ;Курганская область
72600179;80515;Уральский федеральный округ;Курганская область
72600946;80516;Уральский федеральный округ;Курганская область
72602083;80517;Уральский федеральный округ;Курганская область
72600954;80518;Уральский федеральный округ;Курганская область
72602134;80519;Уральский федеральный округ;Курганская область
72600984;80520;Уральский федеральный округ;Курганская область
72600055;80521;Уральский федеральный округ;Курганская область
