﻿region;year;yield;yield_code;fed_code;reg_code
Российская Федерация;2000;9,0;000;0;00
Российская Федерация;2001;7,8;000;0;00
Российская Федерация;2002;9,7;000;0;00
Российская Федерация;2003;10,0;000;0;00
Российская Федерация;2004;10,2;000;0;00
Российская Федерация;2005;11,9;000;0;00
Российская Федерация;2006;11,4;000;0;00
Российская Федерация;2007;11,3;000;0;00
Российская Федерация;2008;12,3;000;0;00
Российская Федерация;2009;11,5;000;0;00
Российская Федерация;2010;9,6;000;0;00
Российская Федерация;2011;13,4;000;0;00
Российская Федерация;2012;13,0;000;0;00
Российская Федерация;2013;15,5;000;0;00
Российская Федерация;2014;14,0;000;0;00
Российская Федерация;2015;15,0;000;0;00
Российская Федерация;2016;16,2;000;0;00
Российская Федерация;2017;15,5;000;0;00
Российская Федерация;2018;17,0;000;0;00
Российская Федерация;2019;19,4;000;0;00
Российская Федерация;2020;16,8;000;0;00
Российская Федерация;2021;17,2;000;0;00
Центральный федеральный округ;2000;9,9;800;8;00
Центральный федеральный округ;2001;8,8;800;8;00
Центральный федеральный округ;2002;10,7;800;8;00
Центральный федеральный округ;2003;11,2;800;8;00
Центральный федеральный округ;2004;9,6;800;8;00
Центральный федеральный округ;2005;12,2;800;8;00
Центральный федеральный округ;2006;12,5;800;8;00
Центральный федеральный округ;2007;15,1;800;8;00
Центральный федеральный округ;2008;15,2;800;8;00
Центральный федеральный округ;2009;15,6;800;8;00
Центральный федеральный округ;2010;11,2;800;8;00
Центральный федеральный округ;2011;20,9;800;8;00
Центральный федеральный округ;2012;18,8;800;8;00
Центральный федеральный округ;2013;21,8;800;8;00
Центральный федеральный округ;2014;19,2;800;8;00
Центральный федеральный округ;2015;22,8;800;8;00
Центральный федеральный округ;2016;23,5;800;8;00
Центральный федеральный округ;2017;20,5;800;8;00
Центральный федеральный округ;2018;25,1;800;8;00
Центральный федеральный округ;2019;29,2;800;8;00
Центральный федеральный округ;2020;26,3;800;8;00
Центральный федеральный округ;2021;24,7;800;8;00
Белгородская область;2000;14,3;806;8;06
Белгородская область;2001;12,8;806;8;06
Белгородская область;2002;14,6;806;8;06
Белгородская область;2003;13,9;806;8;06
Белгородская область;2004;10,2;806;8;06
Белгородская область;2005;13,0;806;8;06
Белгородская область;2006;15,3;806;8;06
Белгородская область;2007;18,8;806;8;06
Белгородская область;2008;17,5;806;8;06
Белгородская область;2009;17,4;806;8;06
Белгородская область;2010;13,7;806;8;06
Белгородская область;2011;22,1;806;8;06
Белгородская область;2012;20,1;806;8;06
Белгородская область;2013;26,5;806;8;06
Белгородская область;2014;22,5;806;8;06
Белгородская область;2015;25,8;806;8;06
Белгородская область;2016;28,2;806;8;06
Белгородская область;2017;23,0;806;8;06
Белгородская область;2018;29,3;806;8;06
Белгородская область;2019;33,6;806;8;06
Белгородская область;2020;30,5;806;8;06
Белгородская область;2021;27,2;806;8;06
Воронежская область;2000;11,1;811;8;11
Воронежская область;2001;9,1;811;8;11
Воронежская область;2002;10,7;811;8;11
Воронежская область;2003;12,1;811;8;11
Воронежская область;2004;10,1;811;8;11
Воронежская область;2005;12,5;811;8;11
Воронежская область;2006;12,9;811;8;11
Воронежская область;2007;15,8;811;8;11
Воронежская область;2008;16,2;811;8;11
Воронежская область;2009;15,8;811;8;11
Воронежская область;2010;11,3;811;8;11
Воронежская область;2011;21,7;811;8;11
Воронежская область;2012;19,3;811;8;11
Воронежская область;2013;22,8;811;8;11
Воронежская область;2014;21,0;811;8;11
Воронежская область;2015;24,1;811;8;11
Воронежская область;2016;25,0;811;8;11
Воронежская область;2017;21,2;811;8;11
Воронежская область;2018;26,8;811;8;11
Воронежская область;2019;30,0;811;8;11
Воронежская область;2020;24,9;811;8;11
Воронежская область;2021;23,6;811;8;11
Курская область;2000;7,8;827;8;27
Курская область;2001;5,2;827;8;27
Курская область;2002;8,8;827;8;27
Курская область;2003;8,3;827;8;27
Курская область;2004;6,1;827;8;27
Курская область;2005;8,3;827;8;27
Курская область;2006;9,5;827;8;27
Курская область;2007;13,9;827;8;27
Курская область;2008;15,0;827;8;27
Курская область;2009;14,6;827;8;27
Курская область;2010;11,1;827;8;27
Курская область;2011;21,8;827;8;27
Курская область;2012;19,1;827;8;27
Курская область;2013;22,6;827;8;27
Курская область;2014;20,2;827;8;27
Курская область;2015;23,0;827;8;27
Курская область;2016;24,8;827;8;27
Курская область;2017;22,7;827;8;27
Курская область;2018;26,1;827;8;27
Курская область;2019;31,3;827;8;27
Курская область;2020;29,4;827;8;27
Курская область;2021;26,6;827;8;27
Липецкая область;2000;8,8;829;8;29
Липецкая область;2001;8,3;829;8;29
Липецкая область;2002;10,2;829;8;29
Липецкая область;2003;10,2;829;8;29
Липецкая область;2004;11,4;829;8;29
Липецкая область;2005;13,9;829;8;29
Липецкая область;2006;13,9;829;8;29
Липецкая область;2007;16,2;829;8;29
Липецкая область;2008;17,5;829;8;29
Липецкая область;2009;17,2;829;8;29
Липецкая область;2010;11,9;829;8;29
Липецкая область;2011;23,2;829;8;29
Липецкая область;2012;20,7;829;8;29
Липецкая область;2013;20,6;829;8;29
Липецкая область;2014;17,2;829;8;29
Липецкая область;2015;22,3;829;8;29
Липецкая область;2016;22,6;829;8;29
Липецкая область;2017;19,8;829;8;29
Липецкая область;2018;23,9;829;8;29
Липецкая область;2019;29,0;829;8;29
Липецкая область;2020;27,3;829;8;29
Липецкая область;2021;24,1;829;8;29
Орловская область;2000;7,5;840;8;40
Орловская область;2001;6,0;840;8;40
Орловская область;2002;9,2;840;8;40
Орловская область;2003;9,9;840;8;40
Орловская область;2004;9,0;840;8;40
Орловская область;2005;1,2;840;8;40
Орловская область;2006;13,4;840;8;40
Орловская область;2007;15,5;840;8;40
Орловская область;2008;15,4;840;8;40
Орловская область;2009;14,9;840;8;40
Орловская область;2010;14,2;840;8;40
Орловская область;2011;23,8;840;8;40
Орловская область;2012;19,8;840;8;40
Орловская область;2013;24,1;840;8;40
Орловская область;2014;21,8;840;8;40
Орловская область;2015;24,1;840;8;40
Орловская область;2016;25,0;840;8;40
Орловская область;2017;21,6;840;8;40
Орловская область;2018;27,2;840;8;40
Орловская область;2019;29,3;840;8;40
Орловская область;2020;29,7;840;8;40
Орловская область;2021;27,6;840;8;40
Рязанская область;2000;4,6;863;8;63
Рязанская область;2001;3,1;863;8;63
Рязанская область;2002;10,2;863;8;63
Рязанская область;2003;6,5;863;8;63
Рязанская область;2004;10,0;863;8;63
Рязанская область;2005;11,6;863;8;63
Рязанская область;2006;8,3;863;8;63
Рязанская область;2007;13,6;863;8;63
Рязанская область;2008;8,8;863;8;63
Рязанская область;2009;18,7;863;8;63
Рязанская область;2010;9,2;863;8;63
Рязанская область;2011;17,8;863;8;63
Рязанская область;2012;16,1;863;8;63
Рязанская область;2013;17,5;863;8;63
Рязанская область;2014;18,3;863;8;63
Рязанская область;2015;18,3;863;8;63
Рязанская область;2016;19,4;863;8;63
Рязанская область;2017;17,2;863;8;63
Рязанская область;2018;22,5;863;8;63
Рязанская область;2019;26,4;863;8;63
Рязанская область;2020;27,0;863;8;63
Рязанская область;2021;26,3;863;8;63
Тамбовская область;2000;6,6;872;8;72
Тамбовская область;2001;6,6;872;8;72
Тамбовская область;2002;8,5;872;8;72
Тамбовская область;2003;8,3;872;8;72
Тамбовская область;2004;8,3;872;8;72
Тамбовская область;2005;11,2;872;8;72
Тамбовская область;2006;9,8;872;8;72
Тамбовская область;2007;12,0;872;8;72
Тамбовская область;2008;12,0;872;8;72
Тамбовская область;2009;14,1;872;8;72
Тамбовская область;2010;9,4;872;8;72
Тамбовская область;2011;18,4;872;8;72
Тамбовская область;2012;16,8;872;8;72
Тамбовская область;2013;19,1;872;8;72
Тамбовская область;2014;16,3;872;8;72
Тамбовская область;2015;20,4;872;8;72
Тамбовская область;2016;19,6;872;8;72
Тамбовская область;2017;17,9;872;8;72
Тамбовская область;2018;21,8;872;8;72
Тамбовская область;2019;25,9;872;8;72
Тамбовская область;2020;23,6;872;8;72
Тамбовская область;2021;23,9;872;8;72
Тульская область;2000;6,9;875;8;75
Тульская область;2001;4,7;875;8;75
Тульская область;2002;9,6;875;8;75
Тульская область;2003;12,1;875;8;75
Тульская область;2004;6,4;875;8;75
Тульская область;2005;8,6;875;8;75
Тульская область;2006;6,1;875;8;75
Тульская область;2007;8,4;875;8;75
Тульская область;2008;7,7;875;8;75
Тульская область;2009;5,4;875;8;75
Тульская область;2010;12,0;875;8;75
Тульская область;2011;16,2;875;8;75
Тульская область;2012;17,0;875;8;75
Тульская область;2013;20,5;875;8;75
Тульская область;2014;18,7;875;8;75
Тульская область;2015;23,9;875;8;75
Тульская область;2016;20,8;875;8;75
Тульская область;2017;17,0;875;8;75
Тульская область;2018;24,2;875;8;75
Тульская область;2019;31,4;875;8;75
Тульская область;2020;29,0;875;8;75
Тульская область;2021;26,5;875;8;75
Южный федеральный округ;2000;10,4;900;9;00
Южный федеральный округ;2001;9,3;900;9;00
Южный федеральный округ;2002;12,2;900;9;00
Южный федеральный округ;2003;11,5;900;9;00
Южный федеральный округ;2004;12,4;900;9;00
Южный федеральный округ;2005;14,4;900;9;00
Южный федеральный округ;2006;13,8;900;9;00
Южный федеральный округ;2007;12,3;900;9;00
Южный федеральный округ;2008;14,2;900;9;00
Южный федеральный округ;2009;12,9;900;9;00
Южный федеральный округ;2010;12,2;900;9;00
Южный федеральный округ;2011;14,5;900;9;00
Южный федеральный округ;2012;14,9;900;9;00
Южный федеральный округ;2013;17,7;900;9;00
Южный федеральный округ;2014;16,6;900;9;00
Южный федеральный округ;2015;17,2;900;9;00
Южный федеральный округ;2016;20,1;900;9;00
Южный федеральный округ;2017;19,4;900;9;00
Южный федеральный округ;2018;18,5;900;9;00
Южный федеральный округ;2019;22,6;900;9;00
Южный федеральный округ;2020;18,2;900;9;00
Южный федеральный округ;2021;20,1;900;9;00
Республика Адыгея;2000;9,9;945;9;45
Республика Адыгея;2001;9,1;945;9;45
Республика Адыгея;2002;10,0;945;9;45
Республика Адыгея;2003;8,8;945;9;45
Республика Адыгея;2004;7,3;945;9;45
Республика Адыгея;2005;12,9;945;9;45
Республика Адыгея;2006;16,0;945;9;45
Республика Адыгея;2007;17,1;945;9;45
Республика Адыгея;2008;17,2;945;9;45
Республика Адыгея;2009;18,3;945;9;45
Республика Адыгея;2010;14,0;945;9;45
Республика Адыгея;2011;14,7;945;9;45
Республика Адыгея;2012;16,2;945;9;45
Республика Адыгея;2013;17,9;945;9;45
Республика Адыгея;2014;17,4;945;9;45
Республика Адыгея;2015;14,6;945;9;45
Республика Адыгея;2016;17,0;945;9;45
Республика Адыгея;2017;15,7;945;9;45
Республика Адыгея;2018;16,3;945;9;45
Республика Адыгея;2019;18,7;945;9;45
Республика Адыгея;2020;22,1;945;9;45
Республика Адыгея;2021;19,9;945;9;45
Республика Калмыкия;2000;6,8;951;9;51
Республика Калмыкия;2001;5,7;951;9;51
Республика Калмыкия;2002;6,7;951;9;51
Республика Калмыкия;2003;4,2;951;9;51
Республика Калмыкия;2004;7,7;951;9;51
Республика Калмыкия;2005;8,5;951;9;51
Республика Калмыкия;2006;6,7;951;9;51
Республика Калмыкия;2007;3,2;951;9;51
Республика Калмыкия;2008;4,2;951;9;51
Республика Калмыкия;2009;3,2;951;9;51
Республика Калмыкия;2010;4,6;951;9;51
Республика Калмыкия;2011;5,4;951;9;51
Республика Калмыкия;2012;5,0;951;9;51
Республика Калмыкия;2013;4,1;951;9;51
Республика Калмыкия;2014;6,1;951;9;51
Республика Калмыкия;2015;4,5;951;9;51
Республика Калмыкия;2016;11,2;951;9;51
Республика Калмыкия;2017;11,1;951;9;51
Республика Калмыкия;2018;7,8;951;9;51
Республика Калмыкия;2019;14,5;951;9;51
Республика Калмыкия;2020;12,8;951;9;51
Республика Калмыкия;2021;18,5;951;9;51
Краснодарский край;2000;15,9;924;9;24
Краснодарский край;2001;13,7;924;9;24
Краснодарский край;2002;17,7;924;9;24
Краснодарский край;2003;14,9;924;9;24
Краснодарский край;2004;17,6;924;9;24
Краснодарский край;2005;20,3;924;9;24
Краснодарский край;2006;20,9;924;9;24
Краснодарский край;2007;19,5;924;9;24
Краснодарский край;2008;23,4;924;9;24
Краснодарский край;2009;21,1;924;9;24
Краснодарский край;2010;21,0;924;9;24
Краснодарский край;2011;23,6;924;9;24
Краснодарский край;2012;23,3;924;9;24
Краснодарский край;2013;25,8;924;9;24
Краснодарский край;2014;24,6;924;9;24
Краснодарский край;2015;24,3;924;9;24
Краснодарский край;2016;26,1;924;9;24
Краснодарский край;2017;26,4;924;9;24
Краснодарский край;2018;22,7;924;9;24
Краснодарский край;2019;26,1;924;9;24
Краснодарский край;2020;20,4;924;9;24
Краснодарский край;2021;24,7;924;9;24
Волгоградская область;2000;7,7;909;9;09
Волгоградская область;2001;6,0;909;9;09
Волгоградская область;2002;8,1;909;9;09
Волгоградская область;2003;8,8;909;9;09
Волгоградская область;2004;9,2;909;9;09
Волгоградская область;2005;10,4;909;9;09
Волгоградская область;2006;9,6;909;9;09
Волгоградская область;2007;10,1;909;9;09
Волгоградская область;2008;11,0;909;9;09
Волгоградская область;2009;9,9;909;9;09
Волгоградская область;2010;7,7;909;9;09
Волгоградская область;2011;11,5;909;9;09
Волгоградская область;2012;9,1;909;9;09
Волгоградская область;2013;13,9;909;9;09
Волгоградская область;2014;12,5;909;9;09
Волгоградская область;2015;13,5;909;9;09
Волгоградская область;2016;15,1;909;9;09
Волгоградская область;2017;13,3;909;9;09
Волгоградская область;2018;16,0;909;9;09
Волгоградская область;2019;18,8;909;9;09
Волгоградская область;2020;16,0;909;9;09
Волгоградская область;2021;15,8;909;9;09
Ростовская область;2000;10,2;962;9;62
Ростовская область;2001;8,7;962;9;62
Ростовская область;2002;11,9;962;9;62
Ростовская область;2003;12,1;962;9;62
Ростовская область;2004;11,7;962;9;62
Ростовская область;2005;13,7;962;9;62
Ростовская область;2006;13,3;962;9;62
Ростовская область;2007;10,7;962;9;62
Ростовская область;2008;12,1;962;9;62
Ростовская область;2009;10,0;962;9;62
Ростовская область;2010;10,0;962;9;62
Ростовская область;2011;12,4;962;9;62
Ростовская область;2012;13,3;962;9;62
Ростовская область;2013;15,0;962;9;62
Ростовская область;2014;14,8;962;9;62
Ростовская область;2015;16,3;962;9;62
Ростовская область;2016;22,3;962;9;62
Ростовская область;2017;21,1;962;9;62
Ростовская область;2018;19,5;962;9;62
Ростовская область;2019;25,3;962;9;62
Ростовская область;2020;19,3;962;9;62
Ростовская область;2021;22,6;962;9;62
Северо-Кавказский федеральный округ;2000;11,3;500;5;00
Северо-Кавказский федеральный округ;2001;10,3;500;5;00
Северо-Кавказский федеральный округ;2002;13,4;500;5;00
Северо-Кавказский федеральный округ;2003;12,4;500;5;00
Северо-Кавказский федеральный округ;2004;13,3;500;5;00
Северо-Кавказский федеральный округ;2005;15,7;500;5;00
Северо-Кавказский федеральный округ;2006;14,5;500;5;00
Северо-Кавказский федеральный округ;2007;12,3;500;5;00
Северо-Кавказский федеральный округ;2008;15,5;500;5;00
Северо-Кавказский федеральный округ;2009;12,1;500;5;00
Северо-Кавказский федеральный округ;2010;13,7;500;5;00
Северо-Кавказский федеральный округ;2011;15,9;500;5;00
Северо-Кавказский федеральный округ;2012;15,4;500;5;00
Северо-Кавказский федеральный округ;2013;16,0;500;5;00
Северо-Кавказский федеральный округ;2014;16,4;500;5;00
Северо-Кавказский федеральный округ;2015;15,9;500;5;00
Северо-Кавказский федеральный округ;2016;19,7;500;5;00
Северо-Кавказский федеральный округ;2017;18,1;500;5;00
Северо-Кавказский федеральный округ;2018;17,0;500;5;00
Северо-Кавказский федеральный округ;2019;17,5;500;5;00
Северо-Кавказский федеральный округ;2020;13,8;500;5;00
Северо-Кавказский федеральный округ;2021;19,4;500;5;00
Республика Дагестан;2000;4,0;549;5;49
Республика Дагестан;2001;8,0;549;5;49
Республика Дагестан;2002;9,1;549;5;49
Республика Дагестан;2003;10,3;549;5;49
Республика Дагестан;2004;11,0;549;5;49
Республика Дагестан;2005;11,7;549;5;49
Республика Дагестан;2006;8,9;549;5;49
Республика Дагестан;2007;9,6;549;5;49
Республика Дагестан;2008;10,0;549;5;49
Республика Дагестан;2009;11,9;549;5;49
Республика Дагестан;2010;9,8;549;5;49
Республика Дагестан;2011;10,5;549;5;49
Республика Дагестан;2012;12,4;549;5;49
Республика Дагестан;2013;11,1;549;5;49
Республика Дагестан;2014;13,5;549;5;49
Республика Дагестан;2015;12,6;549;5;49
Республика Дагестан;2016;13,3;549;5;49
Республика Дагестан;2017;12,8;549;5;49
Республика Дагестан;2018;12,9;549;5;49
Республика Дагестан;2019;13,6;549;5;49
Республика Дагестан;2020;14,0;549;5;49
Республика Дагестан;2021;14,1;549;5;49
Республика Ингушетия;2000;5,2;550;5;50
Республика Ингушетия;2001;8,7;550;5;50
Республика Ингушетия;2002;6,8;550;5;50
Республика Ингушетия;2003;3,3;550;5;50
Республика Ингушетия;2004;5,9;550;5;50
Республика Ингушетия;2005;4,8;550;5;50
Республика Ингушетия;2006;4,5;550;5;50
Республика Ингушетия;2007;4,2;550;5;50
Республика Ингушетия;2008;3,3;550;5;50
Республика Ингушетия;2009;5,8;550;5;50
Республика Ингушетия;2010;7,9;550;5;50
Республика Ингушетия;2011;8,7;550;5;50
Республика Ингушетия;2012;10,3;550;5;50
Республика Ингушетия;2013;9,3;550;5;50
Республика Ингушетия;2014;10,7;550;5;50
Республика Ингушетия;2015;9,5;550;5;50
Республика Ингушетия;2016;9,2;550;5;50
Республика Ингушетия;2017;10,6;550;5;50
Республика Ингушетия;2018;7,2;550;5;50
Республика Ингушетия;2019;10,0;550;5;50
Республика Ингушетия;2020;12,9;550;5;50
Республика Ингушетия;2021;10,4;550;5;50
Кабардино-Балкарская Республика;2000;10,4;516;5;16
Кабардино-Балкарская Республика;2001;9,2;516;5;16
Кабардино-Балкарская Республика;2002;11,7;516;5;16
Кабардино-Балкарская Республика;2003;10,2;516;5;16
Кабардино-Балкарская Республика;2004;11,4;516;5;16
Кабардино-Балкарская Республика;2005;9,5;516;5;16
Кабардино-Балкарская Республика;2006;10,2;516;5;16
Кабардино-Балкарская Республика;2007;12,4;516;5;16
Кабардино-Балкарская Республика;2008;13,6;516;5;16
Кабардино-Балкарская Республика;2009;14,5;516;5;16
Кабардино-Балкарская Республика;2010;14,4;516;5;16
Кабардино-Балкарская Республика;2011;16,1;516;5;16
Кабардино-Балкарская Республика;2012;14,6;516;5;16
Кабардино-Балкарская Республика;2013;16,3;516;5;16
Кабардино-Балкарская Республика;2014;17,5;516;5;16
Кабардино-Балкарская Республика;2015;15,1;516;5;16
Кабардино-Балкарская Республика;2016;19,7;516;5;16
Кабардино-Балкарская Республика;2017;17,0;516;5;16
Кабардино-Балкарская Республика;2018;19,2;516;5;16
Кабардино-Балкарская Республика;2019;18,9;516;5;16
Кабардино-Балкарская Республика;2020;21,3;516;5;16
Кабардино-Балкарская Республика;2021;24,3;516;5;16
Карачаево-Черкесская Республика;2000;7,5;520;5;20
Карачаево-Черкесская Республика;2001;7,1;520;5;20
Карачаево-Черкесская Республика;2002;9,3;520;5;20
Карачаево-Черкесская Республика;2003;9,0;520;5;20
Карачаево-Черкесская Республика;2004;5,4;520;5;20
Карачаево-Черкесская Республика;2005;8,4;520;5;20
Карачаево-Черкесская Республика;2006;7,8;520;5;20
Карачаево-Черкесская Республика;2007;11,6;520;5;20
Карачаево-Черкесская Республика;2008;8,0;520;5;20
Карачаево-Черкесская Республика;2009;9,5;520;5;20
Карачаево-Черкесская Республика;2010;13,3;520;5;20
Карачаево-Черкесская Республика;2011;13,4;520;5;20
Карачаево-Черкесская Республика;2012;13,1;520;5;20
Карачаево-Черкесская Республика;2013;15,4;520;5;20
Карачаево-Черкесская Республика;2014;13,3;520;5;20
Карачаево-Черкесская Республика;2015;14,3;520;5;20
Карачаево-Черкесская Республика;2016;14,6;520;5;20
Карачаево-Черкесская Республика;2017;17,1;520;5;20
Карачаево-Черкесская Республика;2018;19,9;520;5;20
Карачаево-Черкесская Республика;2019;19,2;520;5;20
Карачаево-Черкесская Республика;2020;14,1;520;5;20
Карачаево-Черкесская Республика;2021;21,9;520;5;20
Республика Северная Осетия - Алания;2000;6,1;558;5;58
Республика Северная Осетия - Алания;2001;6,8;558;5;58
Республика Северная Осетия - Алания;2002;8,9;558;5;58
Республика Северная Осетия - Алания;2003;6,6;558;5;58
Республика Северная Осетия - Алания;2004;5,3;558;5;58
Республика Северная Осетия - Алания;2005;10,2;558;5;58
Республика Северная Осетия - Алания;2006;10,8;558;5;58
Республика Северная Осетия - Алания;2007;5,1;558;5;58
Республика Северная Осетия - Алания;2008;9,1;558;5;58
Республика Северная Осетия - Алания;2009;7,1;558;5;58
Республика Северная Осетия - Алания;2010;7,0;558;5;58
Республика Северная Осетия - Алания;2011;8,1;558;5;58
Республика Северная Осетия - Алания;2012;7,2;558;5;58
Республика Северная Осетия - Алания;2013;7,8;558;5;58
Республика Северная Осетия - Алания;2014;9,0;558;5;58
Республика Северная Осетия - Алания;2015;5,9;558;5;58
Республика Северная Осетия - Алания;2016;12,1;558;5;58
Республика Северная Осетия - Алания;2017;8,3;558;5;58
Республика Северная Осетия - Алания;2018;17,2;558;5;58
Республика Северная Осетия - Алания;2019;14,5;558;5;58
Республика Северная Осетия - Алания;2020;13,1;558;5;58
Республика Северная Осетия - Алания;2021;13,8;558;5;58
Ставропольский край;2000;8,2;571;5;71
Ставропольский край;2001;9,5;571;5;71
Ставропольский край;2002;11,5;571;5;71
Ставропольский край;2003;9,8;571;5;71
Ставропольский край;2004;13,7;571;5;71
Ставропольский край;2005;15,8;571;5;71
Ставропольский край;2006;14,5;571;5;71
Ставропольский край;2007;12,5;571;5;71
Ставропольский край;2008;16,6;571;5;71
Ставропольский край;2009;12,2;571;5;71
Ставропольский край;2010;14,0;571;5;71
Ставропольский край;2011;16,7;571;5;71
Ставропольский край;2012;15,9;571;5;71
Ставропольский край;2013;16,8;571;5;71
Ставропольский край;2014;17,0;571;5;71
Ставропольский край;2015;16,4;571;5;71
Ставропольский край;2016;20,7;571;5;71
Ставропольский край;2017;19,4;571;5;71
Ставропольский край;2018;17,1;571;5;71
Ставропольский край;2019;17,5;571;5;71
Ставропольский край;2020;13,4;571;5;71
Ставропольский край;2021;19,4;571;5;71
Приволжский федеральный округ;2000;7,0;300;3;00
Приволжский федеральный округ;2001;5,4;300;3;00
Приволжский федеральный округ;2002;5,9;300;3;00
Приволжский федеральный округ;2003;7,5;300;3;00
Приволжский федеральный округ;2004;8,3;300;3;00
Приволжский федеральный округ;2005;8,8;300;3;00
Приволжский федеральный округ;2006;8,3;300;3;00
Приволжский федеральный округ;2007;9,0;300;3;00
Приволжский федеральный округ;2008;9,3;300;3;00
Приволжский федеральный округ;2009;8,8;300;3;00
Приволжский федеральный округ;2010;6,3;300;3;00
Приволжский федеральный округ;2011;10,7;300;3;00
Приволжский федеральный округ;2012;9,7;300;3;00
Приволжский федеральный округ;2013;12,9;300;3;00
Приволжский федеральный округ;2014;10,6;300;3;00
Приволжский федеральный округ;2015;11,4;300;3;00
Приволжский федеральный округ;2016;12,1;300;3;00
Приволжский федеральный округ;2017;11,8;300;3;00
Приволжский федеральный округ;2018;14,4;300;3;00
Приволжский федеральный округ;2019;16,4;300;3;00
Приволжский федеральный округ;2020;13,7;300;3;00
Приволжский федеральный округ;2021;13,2;300;3;00
Республика Башкортостан;2000;11,0;347;3;47
Республика Башкортостан;2001;7,3;347;3;47
Республика Башкортостан;2002;6,7;347;3;47
Республика Башкортостан;2003;9,8;347;3;47
Республика Башкортостан;2004;11,4;347;3;47
Республика Башкортостан;2005;11,3;347;3;47
Республика Башкортостан;2006;11,7;347;3;47
Республика Башкортостан;2007;10,9;347;3;47
Республика Башкортостан;2008;10,7;347;3;47
Республика Башкортостан;2009;12,1;347;3;47
Республика Башкортостан;2010;6,8;347;3;47
Республика Башкортостан;2011;11,6;347;3;47
Республика Башкортостан;2012;9,4;347;3;47
Республика Башкортостан;2013;13,4;347;3;47
Республика Башкортостан;2014;10,1;347;3;47
Республика Башкортостан;2015;13,2;347;3;47
Республика Башкортостан;2016;11,7;347;3;47
Республика Башкортостан;2017;13,1;347;3;47
Республика Башкортостан;2018;15,9;347;3;47
Республика Башкортостан;2019;15,7;347;3;47
Республика Башкортостан;2020;15,1;347;3;47
Республика Башкортостан;2021;13,3;347;3;47
Республика Мордовия;2000;4,8;356;3;56
Республика Мордовия;2001;5,6;356;3;56
Республика Мордовия;2002;10,4;356;3;56
Республика Мордовия;2003;9,7;356;3;56
Республика Мордовия;2004;10,7;356;3;56
Республика Мордовия;2005;15,4;356;3;56
Республика Мордовия;2006;7,1;356;3;56
Республика Мордовия;2007;11,2;356;3;56
Республика Мордовия;2008;8,6;356;3;56
Республика Мордовия;2009;11,0;356;3;56
Республика Мордовия;2010;8,3;356;3;56
Республика Мордовия;2011;13,1;356;3;56
Республика Мордовия;2012;14,9;356;3;56
Республика Мордовия;2013;16,7;356;3;56
Республика Мордовия;2014;16,8;356;3;56
Республика Мордовия;2015;12,8;356;3;56
Республика Мордовия;2016;15,9;356;3;56
Республика Мордовия;2017;13,7;356;3;56
Республика Мордовия;2018;17,9;356;3;56
Республика Мордовия;2019;17,7;356;3;56
Республика Мордовия;2020;15,4;356;3;56
Республика Мордовия;2021;20,4;356;3;56
Республика Татарстан;2000;7,0;359;3;59
Республика Татарстан;2001;5,8;359;3;59
Республика Татарстан;2002;4,3;359;3;59
Республика Татарстан;2003;8,1;359;3;59
Республика Татарстан;2004;10,2;359;3;59
Республика Татарстан;2005;8,4;359;3;59
Республика Татарстан;2006;7,4;359;3;59
Республика Татарстан;2007;16,2;359;3;59
Республика Татарстан;2008;9,3;359;3;59
Республика Татарстан;2009;9,6;359;3;59
Республика Татарстан;2010;7,8;359;3;59
Республика Татарстан;2011;11,8;359;3;59
Республика Татарстан;2012;9,0;359;3;59
Республика Татарстан;2013;12,6;359;3;59
Республика Татарстан;2014;10,8;359;3;59
Республика Татарстан;2015;15,3;359;3;59
Республика Татарстан;2016;13,0;359;3;59
Республика Татарстан;2017;16,3;359;3;59
Республика Татарстан;2018;18,2;359;3;59
Республика Татарстан;2019;17,4;359;3;59
Республика Татарстан;2020;16,6;359;3;59
Республика Татарстан;2021;16,2;359;3;59
Оренбургская область;2000;7,4;339;3;39
Оренбургская область;2001;4,9;339;3;39
Оренбургская область;2002;5,6;339;3;39
Оренбургская область;2003;7,4;339;3;39
Оренбургская область;2004;7,0;339;3;39
Оренбургская область;2005;8,0;339;3;39
Оренбургская область;2006;7,2;339;3;39
Оренбургская область;2007;8,2;339;3;39
Оренбургская область;2008;10,0;339;3;39
Оренбургская область;2009;8,5;339;3;39
Оренбургская область;2010;5,4;339;3;39
Оренбургская область;2011;9,3;339;3;39
Оренбургская область;2012;7,4;339;3;39
Оренбургская область;2013;11,8;339;3;39
Оренбургская область;2014;9,9;339;3;39
Оренбургская область;2015;10,0;339;3;39
Оренбургская область;2016;9,9;339;3;39
Оренбургская область;2017;10,5;339;3;39
Оренбургская область;2018;11,3;339;3;39
Оренбургская область;2019;13,7;339;3;39
Оренбургская область;2020;11,3;339;3;39
Оренбургская область;2021;10,3;339;3;39
Пензенская область;2000;5,3;341;3;41
Пензенская область;2001;3,8;341;3;41
Пензенская область;2002;5,2;341;3;41
Пензенская область;2003;6,3;341;3;41
Пензенская область;2004;6,2;341;3;41
Пензенская область;2005;7,6;341;3;41
Пензенская область;2006;6,2;341;3;41
Пензенская область;2007;9,7;341;3;41
Пензенская область;2008;7,5;341;3;41
Пензенская область;2009;10,3;341;3;41
Пензенская область;2010;7,3;341;3;41
Пензенская область;2011;15,6;341;3;41
Пензенская область;2012;13,4;341;3;41
Пензенская область;2013;15,4;341;3;41
Пензенская область;2014;12,8;341;3;41
Пензенская область;2015;15,7;341;3;41
Пензенская область;2016;16,5;341;3;41
Пензенская область;2017;12,9;341;3;41
Пензенская область;2018;18,8;341;3;41
Пензенская область;2019;21,1;341;3;41
Пензенская область;2020;21,1;341;3;41
Пензенская область;2021;19,6;341;3;41
Самарская область;2000;8,1;364;3;64
Самарская область;2001;6,5;364;3;64
Самарская область;2002;6,7;364;3;64
Самарская область;2003;8,2;364;3;64
Самарская область;2004;8,1;364;3;64
Самарская область;2005;8,9;364;3;64
Самарская область;2006;8,3;364;3;64
Самарская область;2007;8,2;364;3;64
Самарская область;2008;9,2;364;3;64
Самарская область;2009;8,6;364;3;64
Самарская область;2010;7,4;364;3;64
Самарская область;2011;12,0;364;3;64
Самарская область;2012;12,4;364;3;64
Самарская область;2013;14,9;364;3;64
Самарская область;2014;11,9;364;3;64
Самарская область;2015;11,9;364;3;64
Самарская область;2016;13,9;364;3;64
Самарская область;2017;13,4;364;3;64
Самарская область;2018;16,5;364;3;64
Самарская область;2019;17,7;364;3;64
Самарская область;2020;13,9;364;3;64
Самарская область;2021;14,3;364;3;64
Саратовская область;2000;5,6;366;3;66
Саратовская область;2001;5,0;366;3;66
Саратовская область;2002;5,6;366;3;66
Саратовская область;2003;7,2;366;3;66
Саратовская область;2004;8,9;366;3;66
Саратовская область;2005;9,0;366;3;66
Саратовская область;2006;8,7;366;3;66
Саратовская область;2007;9,3;366;3;66
Саратовская область;2008;9,0;366;3;66
Саратовская область;2009;8,4;366;3;66
Саратовская область;2010;6,2;366;3;66
Саратовская область;2011;10,2;366;3;66
Саратовская область;2012;9,1;366;3;66
Саратовская область;2013;12,0;366;3;66
Саратовская область;2014;10,1;366;3;66
Саратовская область;2015;10,6;366;3;66
Саратовская область;2016;11,7;366;3;66
Саратовская область;2017;10,9;366;3;66
Саратовская область;2018;13,9;366;3;66
Саратовская область;2019;16,6;366;3;66
Саратовская область;2020;13,0;366;3;66
Саратовская область;2021;12,6;366;3;66
Ульяновская область;2000;6,2;378;3;78
Ульяновская область;2001;4,6;378;3;78
Ульяновская область;2002;5,2;378;3;78
Ульяновская область;2003;6,0;378;3;78
Ульяновская область;2004;6,2;378;3;78
Ульяновская область;2005;6,6;378;3;78
Ульяновская область;2006;5,9;378;3;78
Ульяновская область;2007;7,4;378;3;78
Ульяновская область;2008;7,5;378;3;78
Ульяновская область;2009;8,8;378;3;78
Ульяновская область;2010;8,6;378;3;78
Ульяновская область;2011;10,9;378;3;78
Ульяновская область;2012;11,3;378;3;78
Ульяновская область;2013;13,6;378;3;78
Ульяновская область;2014;10,0;378;3;78
Ульяновская область;2015;11,7;378;3;78
Ульяновская область;2016;12,5;378;3;78
Ульяновская область;2017;12,5;378;3;78
Ульяновская область;2018;15,7;378;3;78
Ульяновская область;2019;17,9;378;3;78
Ульяновская область;2020;14,0;378;3;78
Ульяновская область;2021;15,6;378;3;78
Уральский федеральный округ;2000;4,8;700;7;00
Уральский федеральный округ;2001;3,9;700;7;00
Уральский федеральный округ;2002;4,2;700;7;00
Уральский федеральный округ;2003;6,1;700;7;00
Уральский федеральный округ;2004;4,9;700;7;00
Уральский федеральный округ;2005;7,8;700;7;00
Уральский федеральный округ;2006;8,0;700;7;00
Уральский федеральный округ;2007;8,7;700;7;00
Уральский федеральный округ;2008;5,1;700;7;00
Уральский федеральный округ;2009;6,6;700;7;00
Уральский федеральный округ;2010;6,9;700;7;00
Уральский федеральный округ;2011;8,6;700;7;00
Уральский федеральный округ;2012;6,1;700;7;00
Уральский федеральный округ;2013;8,5;700;7;00
Уральский федеральный округ;2014;7,4;700;7;00
Уральский федеральный округ;2015;7,7;700;7;00
Уральский федеральный округ;2016;8,8;700;7;00
Уральский федеральный округ;2017;10,9;700;7;00
Уральский федеральный округ;2018;10,9;700;7;00
Уральский федеральный округ;2019;10,4;700;7;00
Уральский федеральный округ;2020;10,9;700;7;00
Уральский федеральный округ;2021;10,2;700;7;00
Курганская область;2000;4,7;726;7;26
Курганская область;2001;5,2;726;7;26
Курганская область;2002;5,2;726;7;26
Курганская область;2003;6,5;726;7;26
Курганская область;2004;4,8;726;7;26
Курганская область;2005;8,2;726;7;26
Курганская область;2006;8,6;726;7;26
Курганская область;2007;8,4;726;7;26
Курганская область;2008;5,8;726;7;26
Курганская область;2009;7,3;726;7;26
Курганская область;2010;4,3;726;7;26
Курганская область;2011;8,0;726;7;26
Курганская область;2012;5,2;726;7;26
Курганская область;2013;7,7;726;7;26
Курганская область;2014;6,1;726;7;26
Курганская область;2015;4,8;726;7;26
Курганская область;2016;6,0;726;7;26
Курганская область;2017;8,7;726;7;26
Курганская область;2018;8,8;726;7;26
Курганская область;2019;11,3;726;7;26
Курганская область;2020;11,6;726;7;26
Курганская область;2021;12,9;726;7;26
Челябинская область;2000;4,8;781;7;81
Челябинская область;2001;2,9;781;7;81
Челябинская область;2002;2,7;781;7;81
Челябинская область;2003;5,5;781;7;81
Челябинская область;2004;5,1;781;7;81
Челябинская область;2005;6,8;781;7;81
Челябинская область;2006;6,6;781;7;81
Челябинская область;2007;9,1;781;7;81
Челябинская область;2008;4,5;781;7;81
Челябинская область;2009;5,8;781;7;81
Челябинская область;2010;8,8;781;7;81
Челябинская область;2011;8,9;781;7;81
Челябинская область;2012;6,5;781;7;81
Челябинская область;2013;9,0;781;7;81
Челябинская область;2014;7,7;781;7;81
Челябинская область;2015;9,1;781;7;81
Челябинская область;2016;10,3;781;7;81
Челябинская область;2017;11,6;781;7;81
Челябинская область;2018;11,6;781;7;81
Челябинская область;2019;10,2;781;7;81
Челябинская область;2020;10,8;781;7;81
Челябинская область;2021;8,8;781;7;81
Сибирский федеральный округ;2000;5,4;600;6;00
Сибирский федеральный округ;2001;5,7;600;6;00
Сибирский федеральный округ;2002;5,2;600;6;00
Сибирский федеральный округ;2003;5,3;600;6;00
Сибирский федеральный округ;2004;4,0;600;6;00
Сибирский федеральный округ;2005;5,3;600;6;00
Сибирский федеральный округ;2006;5,6;600;6;00
Сибирский федеральный округ;2007;6,8;600;6;00
Сибирский федеральный округ;2008;5,5;600;6;00
Сибирский федеральный округ;2009;5,9;600;6;00
Сибирский федеральный округ;2010;5,0;600;6;00
Сибирский федеральный округ;2011;5,7;600;6;00
Сибирский федеральный округ;2012;5,7;600;6;00
Сибирский федеральный округ;2013;8,2;600;6;00
Сибирский федеральный округ;2014;7,6;600;6;00
Сибирский федеральный округ;2015;7,9;600;6;00
Сибирский федеральный округ;2016;10,8;600;6;00
Сибирский федеральный округ;2017;11,5;600;6;00
Сибирский федеральный округ;2018;11,2;600;6;00
Сибирский федеральный округ;2019;9,8;600;6;00
Сибирский федеральный округ;2020;10,7;600;6;00
Сибирский федеральный округ;2021;13,1;600;6;00
Алтайский край;2000;5,3;601;6;01
Алтайский край;2001;5,6;601;6;01
Алтайский край;2002;5,1;601;6;01
Алтайский край;2003;5,4;601;6;01
Алтайский край;2004;3,8;601;6;01
Алтайский край;2005;4,9;601;6;01
Алтайский край;2006;5,2;601;6;01
Алтайский край;2007;6,3;601;6;01
Алтайский край;2008;5,6;601;6;01
Алтайский край;2009;6,2;601;6;01
Алтайский край;2010;5,2;601;6;01
Алтайский край;2011;5,6;601;6;01
Алтайский край;2012;5,6;601;6;01
Алтайский край;2013;7,7;601;6;01
Алтайский край;2014;7,3;601;6;01
Алтайский край;2015;7,6;601;6;01
Алтайский край;2016;10,4;601;6;01
Алтайский край;2017;11,5;601;6;01
Алтайский край;2018;11,0;601;6;01
Алтайский край;2019;9,7;601;6;01
Алтайский край;2020;10,8;601;6;01
Алтайский край;2021;13,0;601;6;01
Красноярский край;2000;5,3;625;6;25
Красноярский край;2001;6,6;625;6;25
Красноярский край;2002;3,9;625;6;25
Красноярский край;2003;4,6;625;6;25
Красноярский край;2004;6,3;625;6;25
Красноярский край;2005;2,9;625;6;25
Красноярский край;2006;3,7;625;6;25
Красноярский край;2007;6,3;625;6;25
Красноярский край;2008;3,2;625;6;25
Красноярский край;2009;2,3;625;6;25
Красноярский край;2010;2,7;625;6;25
Красноярский край;2011;7,5;625;6;25
Красноярский край;2012;5,8;625;6;25
Красноярский край;2013;3,7;625;6;25
Красноярский край;2014;8,6;625;6;25
Красноярский край;2015;10,7;625;6;25
Красноярский край;2016;12,2;625;6;25
Красноярский край;2017;8,7;625;6;25
Красноярский край;2018;7,3;625;6;25
Красноярский край;2019;9,0;625;6;25
Красноярский край;2020;8,1;625;6;25
Красноярский край;2021;13,2;625;6;25
Кемеровская область;2000;10,5;621;6;21
Кемеровская область;2001;12,3;621;6;21
Кемеровская область;2002;6,3;621;6;21
Кемеровская область;2003;10,2;621;6;21
Кемеровская область;2004;6,3;621;6;21
Кемеровская область;2005;5,4;621;6;21
Кемеровская область;2006;9,9;621;6;21
Кемеровская область;2007;10,3;621;6;21
Кемеровская область;2008;27,0;621;6;21
Кемеровская область;2009;23,0;621;6;21
Кемеровская область;2010;21,0;621;6;21
Кемеровская область;2011;22,0;621;6;21
Кемеровская область;2012;20,9;621;6;21
Кемеровская область;2013;3,4;621;6;21
Кемеровская область;2014;8,9;621;6;21
Кемеровская область;2015;22,1;621;6;21
Кемеровская область;2016;11,0;621;6;21
Кемеровская область;2017;8,5;621;6;21
Кемеровская область;2018;12,5;621;6;21
Кемеровская область;2019;8,4;621;6;21
Кемеровская область;2020;9,8;621;6;21
Кемеровская область;2021;8,8;621;6;21
Новосибирская область;2000;5,3;637;6;37
Новосибирская область;2001;6,7;637;6;37
Новосибирская область;2002;6,9;637;6;37
Новосибирская область;2003;5,9;637;6;37
Новосибирская область;2004;4,6;637;6;37
Новосибирская область;2005;4,8;637;6;37
Новосибирская область;2006;4,2;637;6;37
Новосибирская область;2007;5,8;637;6;37
Новосибирская область;2008;4,3;637;6;37
Новосибирская область;2009;2,8;637;6;37
Новосибирская область;2010;3,8;637;6;37
Новосибирская область;2011;4,8;637;6;37
Новосибирская область;2012;4,2;637;6;37
Новосибирская область;2013;8,0;637;6;37
Новосибирская область;2014;4,2;637;6;37
Новосибирская область;2015;6,4;637;6;37
Новосибирская область;2016;7,5;637;6;37
Новосибирская область;2017;8,2;637;6;37
Новосибирская область;2018;6,3;637;6;37
Новосибирская область;2019;8,9;637;6;37
Новосибирская область;2020;11,9;637;6;37
Новосибирская область;2021;18,9;637;6;37
Омская область;2000;6,4;638;6;38
Омская область;2001;6,2;638;6;38
Омская область;2002;6,4;638;6;38
Омская область;2003;4,5;638;6;38
Омская область;2004;6,3;638;6;38
Омская область;2005;11,5;638;6;38
Омская область;2006;11,1;638;6;38
Омская область;2007;11,7;638;6;38
Омская область;2008;5,5;638;6;38
Омская область;2009;4,5;638;6;38
Омская область;2010;3,0;638;6;38
Омская область;2011;7,6;638;6;38
Омская область;2012;8,4;638;6;38
Омская область;2013;14,2;638;6;38
Омская область;2014;10,7;638;6;38
Омская область;2015;12,9;638;6;38
Омская область;2016;16,3;638;6;38
Омская область;2017;12,7;638;6;38
Омская область;2018;11,5;638;6;38
Омская область;2019;12,9;638;6;38
Омская область;2020;8,6;638;6;38
Омская область;2021;12,1;638;6;38
Дальневосточный федеральный округ;2000;15,4;100;1;00
Дальневосточный федеральный округ;2001;19,0;100;1;00
Дальневосточный федеральный округ;2002;22,8;100;1;00
Дальневосточный федеральный округ;2003;23,8;100;1;00
Дальневосточный федеральный округ;2004;25,5;100;1;00
Дальневосточный федеральный округ;2005;24,5;100;1;00
Дальневосточный федеральный округ;2006;22,0;100;1;00
Дальневосточный федеральный округ;2007;18,5;100;1;00
Дальневосточный федеральный округ;2008;15,0;100;1;00
Дальневосточный федеральный округ;2009;14,8;100;1;00
Дальневосточный федеральный округ;2010;15,5;100;1;00
Дальневосточный федеральный округ;2011;15,5;100;1;00
Дальневосточный федеральный округ;2012;17,4;100;1;00
Дальневосточный федеральный округ;2013;16,4;100;1;00
Дальневосточный федеральный округ;2014;11,6;100;1;00
Дальневосточный федеральный округ;2015;17,5;100;1;00
Дальневосточный федеральный округ;2016;23,6;100;1;00
Дальневосточный федеральный округ;2017;23,7;100;1;00
Дальневосточный федеральный округ;2018;8,2;100;1;00
Дальневосточный федеральный округ;2019;15,0;100;1;00
Дальневосточный федеральный округ;2020;7,9;100;1;00
Дальневосточный федеральный округ;2021;11,3;100;1;00
Приморский край;2000;23,9;143;1;43
Приморский край;2001;24,0;143;1;43
Приморский край;2002;26,7;143;1;43
Приморский край;2003;26,6;143;1;43
Приморский край;2004;26,7;143;1;43
Приморский край;2005;25,0;143;1;43
Приморский край;2006;28,3;143;1;43
Приморский край;2007;26,5;143;1;43
Приморский край;2008;18,2;143;1;43
Приморский край;2009;13,3;143;1;43
Приморский край;2010;14,3;143;1;43
Приморский край;2011;13,2;143;1;43
Приморский край;2012;14,3;143;1;43
Приморский край;2013;17,6;143;1;43
Приморский край;2014;12,0;143;1;43
Приморский край;2015;13,5;143;1;43
Приморский край;2016;13,5;143;1;43
Приморский край;2017;12,0;143;1;43
Приморский край;2018;11,9;143;1;43
Приморский край;2019;14,7;143;1;43
Приморский край;2020;6,6;143;1;43
Приморский край;2021;12,0;143;1;43
Хабаровский край;2000;20,6;179;1;79
Хабаровский край;2001;18,9;179;1;79
Хабаровский край;2002;16,4;179;1;79
Хабаровский край;2003;12,5;179;1;79
Хабаровский край;2004;21,6;179;1;79
Хабаровский край;2005;28,1;179;1;79
Хабаровский край;2006;29,5;179;1;79
Хабаровский край;2007;22,0;179;1;79
Хабаровский край;2008;25,0;179;1;79
Хабаровский край;2009;21,0;179;1;79
Хабаровский край;2010;20,0;179;1;79
Хабаровский край;2011;22,0;179;1;79
Хабаровский край;2012;13,0;179;1;79
Хабаровский край;2013;15,0;179;1;79
Хабаровский край;2014;19,0;179;1;79
Хабаровский край;2015;20,0;179;1;79
Хабаровский край;2016;26,0;179;1;79
Хабаровский край;2017;23,0;179;1;79
Хабаровский край;2018;25,0;179;1;79
Хабаровский край;2019;20,0;179;1;79
Хабаровский край;2020;20,0;179;1;79
Хабаровский край;2021;20,0;179;1;79
Амурская область;2000;7,2;102;1;02
Амурская область;2001;11,8;102;1;02
Амурская область;2002;15,3;102;1;02
Амурская область;2003;20,9;102;1;02
Амурская область;2004;23,7;102;1;02
Амурская область;2005;21,8;102;1;02
Амурская область;2006;11,2;102;1;02
Амурская область;2007;8,7;102;1;02
Амурская область;2008;11,9;102;1;02
Амурская область;2009;18,1;102;1;02
Амурская область;2010;18,1;102;1;02
Амурская область;2011;20,2;102;1;02
Амурская область;2012;25,0;102;1;02
Амурская область;2013;8,2;102;1;02
Амурская область;2014;11,3;102;1;02
Амурская область;2015;18,0;102;1;02
Амурская область;2016;18,1;102;1;02
Амурская область;2017;24,8;102;1;02
Амурская область;2018;8,6;102;1;02
Амурская область;2019;26,3;102;1;02
Амурская область;2020;10,0;102;1;02
Амурская область;2021;25,0;102;1;02
